filename;ocr_text;confidence;global_box;source_map;label
img20250920_20532456_x0_y0_0.jpg;Стех;0.6996;[[1867, 28], [2000, 94]];img20250920_20532456.tif;other
img20250920_20532456_x0_y0_1.jpg;Ягодино;0.9431;[[242, 67], [488, 112]];img20250920_20532456.tif;
img20250920_20532456_x0_y0_2.jpg;Размесово;0.7396;[[730, 88], [1023, 129]];img20250920_20532456.tif;other
img20250920_20532456_x0_y0_3.jpg;Крюково;0.9437;[[226, 123], [480, 176]];img20250920_20532456.tif;
img20250920_20532456_x0_y0_5.jpg;Усадище;0.9638;[[779, 198], [1039, 245]];img20250920_20532456.tif;other
img20250920_20532456_x0_y0_6.jpg;Харитоново;0.9391;[[1362, 206], [1694, 263]];img20250920_20532456.tif;
img20250920_20532456_x0_y0_7.jpg;AI38;0.8155;[[584, 212], [695, 263]];img20250920_20532456.tif;other
img20250920_20532456_x0_y0_8.jpg;Ферцовд;0.7063;[[519, 258], [749, 300]];img20250920_20532456.tif;
img20250920_20532456_x0_y0_9.jpg;(нежил.);0.989;[[1426, 251], [1678, 311]];img20250920_20532456.tif;other
img20250920_20532456_x0_y0_10.jpg;Захнд60;0.6279;[[238, 274], [458, 322]];img20250920_20532456.tif;
img20250920_20532456_x0_y0_11.jpg;Свиномурфво;0.9141;[[912, 264], [1289, 311]];img20250920_20532456.tif;other
img20250920_20532456_x0_y0_12.jpg;Сарельниково;0.9104;[[574, 333], [922, 370]];img20250920_20532456.tif;
img20250920_20532456_x0_y0_13.jpg;Гришино;0.9255;[[368, 379], [606, 421]];img20250920_20532456.tif;other
img20250920_20532456_x0_y0_14.jpg;Новая;0.7109;[[1676, 362], [1878, 433]];img20250920_20532456.tif;
img20250920_20532456_x0_y0_18.jpg;Пискуново (нежил.);0.9485;[[1376, 413], [1950, 497]];img20250920_20532456.tif;other
img20250920_20532456_x0_y0_19.jpg;Жабнино;0.8916;[[789, 484], [1018, 529]];img20250920_20532456.tif;
img20250920_20532456_x0_y0_20.jpg;ЄГлаз0во;0.8309;[[320, 506], [540, 549]];img20250920_20532456.tif;other
img20250920_20532456_x0_y0_21.jpg;Марково;0.6514;[[1488, 509], [1717, 564]];img20250920_20532456.tif;
img20250920_20532456_x0_y0_22.jpg;Звягина;0.8714;[[805, 553], [1226, 624]];img20250920_20532456.tif;other
img20250920_20532456_x0_y0_24.jpg;Селцваново;0.9488;[[1081, 604], [1427, 656]];img20250920_20532456.tif;
img20250920_20532456_x0_y0_27.jpg;Селифаново;0.8997;[[473, 666], [800, 715]];img20250920_20532456.tif;other
img20250920_20532456_x0_y0_28.jpg;Кapy3a;0.6431;[[870, 662], [1084, 726]];img20250920_20532456.tif;
img20250920_20532456_x0_y0_29.jpg;Пане;0.6297;[[1833, 679], [2000, 726]];img20250920_20532456.tif;other
img20250920_20532456_x0_y0_30.jpg;Дорохово;0.93;[[249, 725], [486, 773]];img20250920_20532456.tif;
img20250920_20532456_x0_y0_31.jpg;Дубленьково;0.8901;[[864, 722], [1199, 777]];img20250920_20532456.tif;
img20250920_20532456_x0_y0_32.jpg;Вылазово=;0.9147;[[1276, 734], [1661, 782]];img20250920_20532456.tif;
img20250920_20532456_x0_y0_33.jpg;Скоморорсово;0.895;[[1559, 806], [1898, 856]];img20250920_20532456.tif;
img20250920_20532456_x0_y0_34.jpg;Медведово;0.8418;[[934, 854], [1177, 903]];img20250920_20532456.tif;
img20250920_20532456_x0_y0_37.jpg;Баткодо;0.8567;[[978, 922], [1244, 978]];img20250920_20532456.tif;
img20250920_20532456_x0_y0_38.jpg;Лукино;0.861;[[1523, 923], [1754, 976]];img20250920_20532456.tif;
img20250920_20532456_x0_y0_39.jpg;Лябино;0.9601;[[1388, 1021], [1620, 1080]];img20250920_20532456.tif;
img20250920_20532456_x0_y0_41.jpg;оз.Баткаское;0.8414;[[952, 1038], [1340, 1085]];img20250920_20532456.tif;
img20250920_20532456_x0_y0_42.jpg;Буруны;0.7794;[[396, 1046], [635, 1107]];img20250920_20532456.tif;
img20250920_20532456_x0_y0_43.jpg;Устиново;0.9314;[[987, 1130], [1331, 1184]];img20250920_20532456.tif;
img20250920_20532456_x0_y0_44.jpg;Крылово;0.9697;[[338, 1148], [601, 1212]];img20250920_20532456.tif;
img20250920_20532456_x0_y0_45.jpg;Свистогузово;0.9489;[[1041, 1194], [1493, 1258]];img20250920_20532456.tif;
img20250920_20532456_x0_y0_46.jpg;Бурюли;0.6555;[[545, 1280], [818, 1372]];img20250920_20532456.tif;
img20250920_20532456_x0_y0_47.jpg;Дупли;0.7194;[[880, 1281], [1084, 1339]];img20250920_20532456.tif;
img20250920_20532456_x0_y0_48.jpg;Коношовка;0.9438;[[1348, 1328], [1689, 1371]];img20250920_20532456.tif;
img20250920_20532456_x0_y0_50.jpg;о3.АлтУн;0.6245;[[1563, 1405], [1994, 1457]];img20250920_20532456.tif;
img20250920_20532456_x0_y0_51.jpg;Брюхрво;0.8115;[[1033, 1427], [1288, 1471]];img20250920_20532456.tif;
img20250920_20532456_x0_y0_52.jpg;Хохлы;0.9779;[[459, 1462], [682, 1523]];img20250920_20532456.tif;
img20250920_20532456_x0_y0_53.jpg;Цецы;0.7899;[[802, 1483], [979, 1546]];img20250920_20532456.tif;
img20250920_20532456_x0_y0_54.jpg;Козаны;0.9229;[[1004, 1506], [1243, 1568]];img20250920_20532456.tif;
img20250920_20532456_x0_y0_55.jpg;Алтўн;0.7213;[[1274, 1511], [1504, 1567]];img20250920_20532456.tif;
img20250920_20532456_x0_y0_56.jpg;Барашкино;0.9501;[[297, 1559], [611, 1613]];img20250920_20532456.tif;
img20250920_20532456_x0_y0_58.jpg;Дежнево;0.8969;[[678, 1608], [939, 1660]];img20250920_20532456.tif;
img20250920_20532456_x0_y0_59.jpg;Зддолж;0.8911;[[1746, 1653], [1998, 1701]];img20250920_20532456.tif;
img20250920_20532456_x0_y0_60.jpg;не Горы 5 км;0.7583;[[131, 1695], [236, 2000]];img20250920_20532456.tif;
img20250920_20532456_x0_y0_61.jpg;Литово;0.6358;[[1382, 1693], [1548, 1747]];img20250920_20532456.tif;
img20250920_20532456_x0_y0_62.jpg;Бурлово;0.7147;[[285, 1761], [531, 1832]];img20250920_20532456.tif;
img20250920_20532456_x0_y0_64.jpg;Сермолы;0.8964;[[638, 1823], [897, 1871]];img20250920_20532456.tif;
img20250920_20532456_x0_y0_65.jpg;Седухино;0.8992;[[1370, 1864], [1667, 1917]];img20250920_20532456.tif;
img20250920_20532456_x0_y0_66.jpg;ундрофка;0.7176;[[1030, 1888], [1266, 1930]];img20250920_20532456.tif;
img20250920_20532456_x0_y0_67.jpg;Куялы(;0.7999;[[822, 1930], [1028, 1983]];img20250920_20532456.tif;
img20250920_20532456_x0_y0_68.jpg;нежири;0.6635;[[1030, 1927], [1254, 1976]];img20250920_20532456.tif;
img20250920_20532456_x1600_y0_69.jpg;Новино;0.8758;[[1989, 1], [2181, 57]];img20250920_20532456.tif;
img20250920_20532456_x1600_y0_70.jpg;Ковц;0.9574;[[3273, 13], [3478, 72]];img20250920_20532456.tif;
img20250920_20532456_x1600_y0_71.jpg;Карпилово;0.9458;[[2894, 41], [3167, 101]];img20250920_20532456.tif;
img20250920_20532456_x1600_y0_73.jpg;Корнышен;0.9598;[[3074, 132], [3419, 191]];img20250920_20532456.tif;
img20250920_20532456_x1600_y0_74.jpg;Степаново;0.9812;[[2453, 128], [2725, 186]];img20250920_20532456.tif;
img20250920_20532456_x1600_y0_75.jpg;Остров 45 нм;0.8818;[[1788, 175], [1863, 444]];img20250920_20532456.tif;
img20250920_20532456_x1600_y0_76.jpg;Долгочи;0.9706;[[1879, 233], [2102, 288]];img20250920_20532456.tif;
img20250920_20532456_x1600_y0_77.jpg;Пустошка;0.7423;[[2486, 242], [2801, 310]];img20250920_20532456.tif;
img20250920_20532456_x1600_y0_79.jpg;Себрово;0.9726;[[2904, 279], [3171, 358]];img20250920_20532456.tif;
img20250920_20532456_x1600_y0_80.jpg;Филко;0.9019;[[3417, 324], [3600, 370]];img20250920_20532456.tif;
img20250920_20532456_x1600_y0_81.jpg;Никитино;0.6754;[[2707, 352], [3026, 397]];img20250920_20532456.tif;
img20250920_20532456_x1600_y0_82.jpg;(Речево;0.7157;[[3097, 356], [3359, 411]];img20250920_20532456.tif;
img20250920_20532456_x1600_y0_83.jpg;Ифаково;0.6305;[[2725, 384], [3125, 481]];img20250920_20532456.tif;
img20250920_20532456_x1600_y0_84.jpg;Морозы;0.818;[[3016, 465], [3246, 525]];img20250920_20532456.tif;
img20250920_20532456_x1600_y0_85.jpg;Попово;0.8729;[[2575, 490], [2758, 541]];img20250920_20532456.tif;
img20250920_20532456_x1600_y0_87.jpg;Пфгорелово;0.8469;[[2776, 611], [3177, 682]];img20250920_20532456.tif;
img20250920_20532456_x1600_y0_88.jpg;Вахрамеево;0.7742;[[1948, 627], [2318, 683]];img20250920_20532456.tif;
img20250920_20532456_x1600_y0_90.jpg;Шараново;0.881;[[2195, 662], [2508, 728]];img20250920_20532456.tif;
img20250920_20532456_x1600_y0_91.jpg;Деревицы;0.8702;[[2780, 672], [3163, 768]];img20250920_20532456.tif;
img20250920_20532456_x1600_y0_93.jpg;Выбор;0.7154;[[3271, 735], [3469, 821]];img20250920_20532456.tif;
img20250920_20532456_x1600_y0_94.jpg;Савино;0.7281;[[2148, 760], [2471, 819]];img20250920_20532456.tif;
img20250920_20532456_x1600_y0_95.jpg;03.Pa3;0.8047;[[2463, 765], [2677, 819]];img20250920_20532456.tif;
img20250920_20532456_x1600_y0_96.jpg;Щербихино;0.7541;[[1857, 811], [2213, 1029]];img20250920_20532456.tif;
img20250920_20532456_x1600_y0_97.jpg;Стредкин;0.9821;[[2605, 853], [2978, 911]];img20250920_20532456.tif;
img20250920_20532456_x1600_y0_98.jpg;Фатьяново;0.9084;[[3113, 823], [3581, 940]];img20250920_20532456.tif;
img20250920_20532456_x1600_y0_99.jpg;Алолье;0.887;[[2278, 870], [2509, 923]];img20250920_20532456.tif;
img20250920_20532456_x1600_y0_102.jpg;Басино;0.8378;[[2925, 1001], [3163, 1049]];img20250920_20532456.tif;
img20250920_20532456_x1600_y0_103.jpg;Лужкрво;0.7734;[[2716, 1025], [3038, 1109]];img20250920_20532456.tif;
img20250920_20532456_x1600_y0_104.jpg;Плещатица;0.8738;[[1855, 1053], [2198, 1099]];img20250920_20532456.tif;
img20250920_20532456_x1600_y0_105.jpg;Paxi;0.9089;[[3406, 1040], [3585, 1103]];img20250920_20532456.tif;
img20250920_20532456_x1600_y0_107.jpg;Копылово;0.923;[[2528, 1076], [2856, 1138]];img20250920_20532456.tif;
img20250920_20532456_x1600_y0_108.jpg;Рогатино;0.7982;[[1985, 1165], [2300, 1223]];img20250920_20532456.tif;
img20250920_20532456_x1600_y0_109.jpg;BuBka;0.6637;[[1954, 1262], [2155, 1331]];img20250920_20532456.tif;
img20250920_20532456_x1600_y0_110.jpg;Клин;0.7436;[[2505, 1321], [2682, 1382]];img20250920_20532456.tif;
img20250920_20532456_x1600_y0_114.jpg;Семенн;0.9212;[[3384, 1443], [3600, 1498]];img20250920_20532456.tif;
img20250920_20532456_x1600_y0_115.jpg;Бол;0.9054;[[3101, 1496], [3225, 1557]];img20250920_20532456.tif;
img20250920_20532456_x1600_y0_117.jpg;Кураново;0.708;[[2730, 1576], [3044, 1649]];img20250920_20532456.tif;
img20250920_20532456_x1600_y0_118.jpg;Mah;0.9422;[[3437, 1561], [3586, 1622]];img20250920_20532456.tif;
img20250920_20532456_x1600_y0_120.jpg;Елисеево;0.6778;[[3105, 1609], [3385, 1664]];img20250920_20532456.tif;
img20250920_20532456_x1600_y0_121.jpg;Ягодино;0.9436;[[1857, 1777], [2124, 1827]];img20250920_20532456.tif;
img20250920_20532456_x1600_y0_122.jpg;Размесово;0.7136;[[2387, 1794], [2709, 1843]];img20250920_20532456.tif;
img20250920_20532456_x1600_y0_123.jpg;Крюково;0.9389;[[1832, 1836], [2121, 1896]];img20250920_20532456.tif;
img20250920_20532456_x1600_y0_125.jpg;Усадище;0.9529;[[2433, 1913], [2727, 1972]];img20250920_20532456.tif;
img20250920_20532456_x1600_y0_127.jpg;Харитоново;0.9406;[[3086, 1927], [3434, 1991]];img20250920_20532456.tif;
img20250920_20532456_x2962_y0_128.jpg;Яковле;0.9591;[[4273, 0], [4334, 232]];img20250920_20532456.tif;
img20250920_20532456_x2962_y0_129.jpg;090xl;0.6449;[[4390, 11], [4456, 211]];img20250920_20532456.tif;
img20250920_20532456_x2962_y0_130.jpg;Себрово;0.9078;[[4831, 262], [4961, 577]];img20250920_20532456.tif;
img20250920_20532456_x2962_y0_131.jpg;Тетерино;0.693;[[4288, 373], [4372, 691]];img20250920_20532456.tif;
img20250920_20532456_x2962_y0_132.jpg;Бороносово;0.9384;[[4379, 597], [4455, 944]];img20250920_20532456.tif;
img20250920_20532456_x2962_y0_133.jpg;Пустошка;0.6572;[[4756, 674], [4839, 1030]];img20250920_20532456.tif;
img20250920_20532456_x2962_y0_134.jpg;ónnmnd;0.6168;[[4125, 1101], [4198, 1366]];img20250920_20532456.tif;
img20250920_20532456_x2962_y0_135.jpg;пинпиораф;0.6389;[[4006, 1335], [4060, 1635]];img20250920_20532456.tif;
img20250920_20532456_x2962_y0_137.jpg;ohnuhu;0.6565;[[4234, 1418], [4288, 1665]];img20250920_20532456.tif;
img20250920_20532456_x2962_y0_139.jpg;Остров 45 им;0.8851;[[4614, 1674], [4930, 1765]];img20250920_20532456.tif;
img20250920_20532456_x0_y1600_140.jpg;Старбселье;0.9116;[[922, 1600], [1245, 1657]];img20250920_20532456.tif;
img20250920_20532456_x0_y1600_141.jpg;фоонхри;0.6251;[[1455, 1649], [1723, 1724]];img20250920_20532456.tif;
img20250920_20532456_x0_y1600_142.jpg;HOBOPЖEB;0.7067;[[338, 1776], [689, 1867]];img20250920_20532456.tif;
img20250920_20532456_x0_y1600_143.jpg;o90xo1g;0.7088;[[1014, 1806], [1262, 1872]];img20250920_20532456.tif;
img20250920_20532456_x0_y1600_144.jpg;Манушкино;0.8708;[[1065, 1874], [1356, 1937]];img20250920_20532456.tif;
img20250920_20532456_x0_y1600_145.jpg;Песчивицы;0.8255;[[144, 1939], [503, 1997]];img20250920_20532456.tif;
img20250920_20532456_x0_y1600_146.jpg;cap.;0.9528;[[1507, 1955], [1605, 2000]];img20250920_20532456.tif;
img20250920_20532456_x0_y1600_148.jpg;03.0pw;0.7745;[[462, 1845], [700, 2055]];img20250920_20532456.tif;
img20250920_20532456_x0_y1600_150.jpg;ноштан;0.6242;[[517, 2091], [754, 2143]];img20250920_20532456.tif;
img20250920_20532456_x0_y1600_151.jpg;nmnwk;0.6059;[[80, 2119], [320, 2192]];img20250920_20532456.tif;
img20250920_20532456_x0_y1600_152.jpg;онпятон;0.6528;[[732, 2169], [1032, 2224]];img20250920_20532456.tif;
img20250920_20532456_x0_y1600_153.jpg;BopoHkoBa-;0.7445;[[992, 2272], [1300, 2335]];img20250920_20532456.tif;
img20250920_20532456_x0_y1600_155.jpg;Сухлово;0.6083;[[1215, 2335], [1609, 2439]];img20250920_20532456.tif;
img20250920_20532456_x0_y1600_156.jpg;о9ой;0.6643;[[1888, 2390], [1999, 2431]];img20250920_20532456.tif;
img20250920_20532456_x0_y1600_158.jpg;онпяжодо;0.6843;[[1621, 2581], [1948, 2655]];img20250920_20532456.tif;
img20250920_20532456_x0_y1600_159.jpg;DHyomdO;0.6151;[[632, 2372], [782, 2636]];img20250920_20532456.tif;
img20250920_20532456_x0_y1600_160.jpg;Доманово;0.8287;[[841, 2627], [1039, 2685]];img20250920_20532456.tif;
img20250920_20532456_x0_y1600_162.jpg;nnngddiw;0.6041;[[951, 2761], [1233, 2837]];img20250920_20532456.tif;
img20250920_20532456_x0_y1600_163.jpg;Тараскино;0.7897;[[1124, 2930], [1415, 2981]];img20250920_20532456.tif;
img20250920_20532456_x0_y1600_164.jpg;Hmdm;0.7104;[[787, 3076], [1022, 3163]];img20250920_20532456.tif;
img20250920_20532456_x0_y1600_165.jpg;онпяти;0.7332;[[1509, 3216], [1812, 3276]];img20250920_20532456.tif;
img20250920_20532456_x1600_y1600_166.jpg;Туровец;0.7249;[[2693, 1600], [2911, 1671]];img20250920_20532456.tif;
img20250920_20532456_x1600_y1600_167.jpg;Огородниково;0.9141;[[1866, 1608], [2205, 1669]];img20250920_20532456.tif;
img20250920_20532456_x1600_y1600_169.jpg;éль;0.8723;[[2538, 1681], [2606, 1733]];img20250920_20532456.tif;
img20250920_20532456_x1600_y1600_170.jpg;Шикени;0.9298;[[1841, 1698], [2088, 1757]];img20250920_20532456.tif;
img20250920_20532456_x1600_y1600_171.jpg;Дренино;0.8053;[[3100, 1689], [3312, 1747]];img20250920_20532456.tif;
img20250920_20532456_x1600_y1600_173.jpg;coc-a;0.8133;[[2526, 1737], [2632, 1796]];img20250920_20532456.tif;
img20250920_20532456_x1600_y1600_175.jpg;Кабаны;0.9667;[[2933, 1850], [3169, 1925]];img20250920_20532456.tif;
img20250920_20532456_x1600_y1600_176.jpg;Кролино;0.9687;[[2079, 1878], [2309, 1933]];img20250920_20532456.tif;
img20250920_20532456_x1600_y1600_177.jpg;Ольхи;0.9791;[[2666, 1875], [2853, 1946]];img20250920_20532456.tif;
img20250920_20532456_x1600_y1600_178.jpg;Becka;0.7481;[[3217, 1897], [3450, 1958]];img20250920_20532456.tif;
img20250920_20532456_x1600_y1600_179.jpg;ecmoBo;0.6153;[[1631, 1929], [1840, 1979]];img20250920_20532456.tif;
img20250920_20532456_x1600_y1600_180.jpg;Звездовф;0.8255;[[2461, 1976], [2672, 2042]];img20250920_20532456.tif;
img20250920_20532456_x1600_y1600_181.jpg;Руднево;0.7961;[[2832, 1970], [3024, 2036]];img20250920_20532456.tif;
img20250920_20532456_x1600_y1600_182.jpg;илково;0.8499;[[1634, 2020], [1845, 2067]];img20250920_20532456.tif;
img20250920_20532456_x1600_y1600_183.jpg;Биряево;0.8713;[[2694, 2034], [2889, 2095]];img20250920_20532456.tif;
img20250920_20532456_x1600_y1600_184.jpg;Селюгинд;0.9564;[[1925, 2094], [2172, 2146]];img20250920_20532456.tif;
img20250920_20532456_x1600_y1600_185.jpg;Снятницы;0.972;[[3237, 2081], [3582, 2146]];img20250920_20532456.tif;
img20250920_20532456_x1600_y1600_186.jpg;Игнашево;0.8758;[[2071, 2157], [2330, 2217]];img20250920_20532456.tif;
img20250920_20532456_x1600_y1600_187.jpg;Гридино;0.9139;[[2709, 2147], [2946, 2230]];img20250920_20532456.tif;
img20250920_20532456_x1600_y1600_188.jpg;Паяшино;0.9787;[[1806, 2191], [2066, 2250]];img20250920_20532456.tif;
img20250920_20532456_x1600_y1600_189.jpg;Дупли;0.6392;[[2306, 2180], [2489, 2250]];img20250920_20532456.tif;
img20250920_20532456_x1600_y1600_190.jpg;Бол;0.8252;[[3512, 2189], [3600, 2244]];img20250920_20532456.tif;
img20250920_20532456_x1600_y1600_191.jpg;Лентьево;0.894;[[3179, 2196], [3422, 2249]];img20250920_20532456.tif;
img20250920_20532456_x1600_y1600_192.jpg;iob;0.644;[[3139, 2234], [3252, 2298]];img20250920_20532456.tif;
img20250920_20532456_x1600_y1600_193.jpg;Денескино;0.7859;[[2671, 2243], [2966, 2312]];img20250920_20532456.tif;
img20250920_20532456_x1600_y1600_194.jpg;Мотовило;0.8815;[[3316, 2287], [3600, 2362]];img20250920_20532456.tif;
img20250920_20532456_x1600_y1600_195.jpg;Cunoвo;0.6087;[[2313, 2317], [2500, 2372]];img20250920_20532456.tif;
img20250920_20532456_x1600_y1600_196.jpg;Лопатино;0.9376;[[2817, 2313], [3076, 2377]];img20250920_20532456.tif;
img20250920_20532456_x1600_y1600_197.jpg;Байкинд;0.8301;[[1963, 2360], [2197, 2411]];img20250920_20532456.tif;
img20250920_20532456_x1600_y1600_198.jpg;Разбегаево;0.9645;[[2286, 2362], [2565, 2422]];img20250920_20532456.tif;
img20250920_20532456_x1600_y1600_199.jpg;Бороденки;0.9641;[[2922, 2382], [3210, 2458]];img20250920_20532456.tif;
img20250920_20532456_x1600_y1600_200.jpg;удяево;0.8096;[[3251, 2412], [3436, 2475]];img20250920_20532456.tif;
img20250920_20532456_x1600_y1600_201.jpg;Любо;0.8283;[[3456, 2431], [3600, 2492]];img20250920_20532456.tif;
img20250920_20532456_x1600_y1600_202.jpg;Асень;0.7026;[[2706, 2451], [2850, 2502]];img20250920_20532456.tif;
img20250920_20532456_x1600_y1600_203.jpg;Дробуши;0.9687;[[2324, 2463], [2539, 2524]];img20250920_20532456.tif;
img20250920_20532456_x1600_y1600_204.jpg;Трубачево;0.9534;[[2409, 2499], [2695, 2578]];img20250920_20532456.tif;
img20250920_20532456_x1600_y1600_205.jpg;Молчаново;0.9417;[[2028, 2515], [2286, 2571]];img20250920_20532456.tif;
img20250920_20532456_x1600_y1600_206.jpg;Конохновр;0.8498;[[1951, 2591], [2215, 2641]];img20250920_20532456.tif;
img20250920_20532456_x1600_y1600_208.jpg;Жугарха;0.6483;[[2997, 2611], [3253, 2675]];img20250920_20532456.tif;
img20250920_20532456_x1600_y1600_210.jpg;Никулино;0.8166;[[2636, 2640], [2919, 2706]];img20250920_20532456.tif;
img20250920_20532456_x1600_y1600_211.jpg;Кудро;0.8916;[[3418, 2628], [3600, 2705]];img20250920_20532456.tif;
img20250920_20532456_x1600_y1600_212.jpg;Кренево;0.9025;[[1698, 2675], [1897, 2738]];img20250920_20532456.tif;
img20250920_20532456_x1600_y1600_213.jpg;Подторкино;0.9081;[[2036, 2667], [2333, 2725]];img20250920_20532456.tif;
img20250920_20532456_x1600_y1600_215.jpg;Клескалово;0.6831;[[3216, 2847], [3571, 2924]];img20250920_20532456.tif;
img20250920_20532456_x1600_y1600_216.jpg;Трупехино;0.9652;[[1780, 2870], [2056, 2937]];img20250920_20532456.tif;
img20250920_20532456_x1600_y1600_219.jpg;Закулижье;0.9085;[[1808, 3058], [2174, 3142]];img20250920_20532456.tif;
img20250920_20532456_x1600_y1600_220.jpg;pymu;0.7732;[[3398, 3123], [3595, 3205]];img20250920_20532456.tif;
img20250920_20532456_x1600_y1600_221.jpg;Усачевд;0.8723;[[2370, 3156], [2585, 3213]];img20250920_20532456.tif;
img20250920_20532456_x1600_y1600_222.jpg;Залужье;0.9573;[[1932, 3168], [2196, 3236]];img20250920_20532456.tif;
img20250920_20532456_x1600_y1600_223.jpg;Ругодево;0.6105;[[2805, 3179], [3035, 3246]];img20250920_20532456.tif;
img20250920_20532456_x1600_y1600_224.jpg;Бруствино;0.7945;[[2693, 3247], [3035, 3317]];img20250920_20532456.tif;
img20250920_20532456_x1600_y1600_225.jpg;Улитнино;0.8599;[[3134, 3258], [3430, 3305]];img20250920_20532456.tif;
img20250920_20532456_x1600_y1600_226.jpg;Гблово;0.6963;[[2480, 3316], [2634, 3363]];img20250920_20532456.tif;
img20250920_20532456_x1600_y1600_227.jpg;Дюбо;0.6762;[[3461, 3222], [3600, 3360]];img20250920_20532456.tif;
img20250920_20532456_x1600_y1600_228.jpg;Усадище;0.9559;[[2907, 3369], [3214, 3426]];img20250920_20532456.tif;
img20250920_20532456_x1600_y1600_229.jpg;Песчивкцы;0.8249;[[1999, 3389], [2337, 3444]];img20250920_20532456.tif;
img20250920_20532456_x1600_y1600_230.jpg;Ботвцно;0.9183;[[2590, 3390], [2846, 3455]];img20250920_20532456.tif;
img20250920_20532456_x1600_y1600_231.jpg;Стехново;0.9842;[[1687, 3449], [1900, 3504]];img20250920_20532456.tif;
img20250920_20532456_x1600_y1600_232.jpg;Хахалево;0.9547;[[3326, 3456], [3599, 3499]];img20250920_20532456.tif;
img20250920_20532456_x1600_y1600_233.jpg;Речки;0.6728;[[2769, 3493], [2952, 3548]];img20250920_20532456.tif;
img20250920_20532456_x1600_y1600_234.jpg;Взгляды;0.9418;[[2226, 3521], [2447, 3571]];img20250920_20532456.tif;
img20250920_20532456_x2962_y1600_244.jpg;cap;0.9511;[[3739, 2376], [3851, 2444]];img20250920_20532456.tif;
img20250920_20532456_x2962_y1600_245.jpg;Станки;0.9617;[[3552, 2524], [3754, 2571]];img20250920_20532456.tif;
img20250920_20532456_x2962_y1600_248.jpg;Жуково;0.7138;[[4266, 2586], [4445, 2639]];img20250920_20532456.tif;
img20250920_20532456_x2962_y1600_249.jpg;Поддубно;0.9646;[[3610, 2600], [3835, 2663]];img20250920_20532456.tif;
img20250920_20532456_x2962_y1600_250.jpg;Цухонское;0.8397;[[3172, 2625], [3461, 2693]];img20250920_20532456.tif;
img20250920_20532456_x2962_y1600_251.jpg;Гридино;0.9305;[[4007, 2645], [4213, 2704]];img20250920_20532456.tif;
img20250920_20532456_x2962_y1600_252.jpg;(нежил.);0.8464;[[3246, 2679], [3485, 2744]];img20250920_20532456.tif;
img20250920_20532456_x2962_y1600_254.jpg;Складневф;0.7471;[[4364, 2685], [4612, 2741]];img20250920_20532456.tif;
img20250920_20532456_x2962_y1600_255.jpg;нежил;0.8196;[[4048, 2710], [4227, 2756]];img20250920_20532456.tif;
img20250920_20532456_x2962_y1600_257.jpg;Евсееха;0.6762;[[3312, 2755], [3505, 2801]];img20250920_20532456.tif;
img20250920_20532456_x2962_y1600_258.jpg;Фопки;0.7491;[[4206, 2768], [4375, 2829]];img20250920_20532456.tif;
img20250920_20532456_x2962_y1600_259.jpg;Фyино;0.6091;[[4513, 2765], [4716, 2831]];img20250920_20532456.tif;
img20250920_20532456_x2962_y1600_260.jpg;(нежил.;0.9388;[[3313, 2802], [3531, 2858]];img20250920_20532456.tif;
img20250920_20532456_x2962_y1600_261.jpg;Занеги;0.8835;[[3313, 2895], [3513, 2952]];img20250920_20532456.tif;
img20250920_20532456_x2962_y1600_262.jpg;ЛЬНИКОВ0;0.6888;[[2994, 2916], [3230, 2953]];img20250920_20532456.tif;
img20250920_20532456_x2962_y1600_263.jpg;Османов;0.6874;[[4727, 2979], [4962, 3027]];img20250920_20532456.tif;
img20250920_20532456_x2962_y1600_264.jpg;Меженино;0.8503;[[4304, 3054], [4609, 3107]];img20250920_20532456.tif;
img20250920_20532456_x2962_y1600_265.jpg;Подъелишево;0.8872;[[3356, 3074], [3680, 3119]];img20250920_20532456.tif;
img20250920_20532456_x2962_y1600_266.jpg;Залужье;0.9468;[[3969, 3074], [4185, 3121]];img20250920_20532456.tif;
img20250920_20532456_x2962_y1600_267.jpg;(нежил.);0.9219;[[3972, 3117], [4194, 3167]];img20250920_20532456.tif;
img20250920_20532456_x2962_y1600_268.jpg;Огородниково;0.9013;[[3324, 3163], [3636, 3215]];img20250920_20532456.tif;
img20250920_20532456_x2962_y1600_269.jpg;Туровец;0.7949;[[4130, 3197], [4352, 3260]];img20250920_20532456.tif;
img20250920_20532456_x2962_y1600_270.jpg;Глухово;0.916;[[4529, 3205], [4748, 3249]];img20250920_20532456.tif;
img20250920_20532456_x2962_y1600_271.jpg;Шикени;0.9482;[[3288, 3241], [3510, 3295]];img20250920_20532456.tif;
img20250920_20532456_x2962_y1600_272.jpg;éль;0.796;[[3963, 3250], [4032, 3300]];img20250920_20532456.tif;
img20250920_20532456_x2962_y1600_275.jpg;coc-a;0.934;[[3954, 3308], [4057, 3349]];img20250920_20532456.tif;
img20250920_20532456_x2962_y1600_276.jpg;Дренино;0.7691;[[4525, 3305], [4746, 3365]];img20250920_20532456.tif;
img20250920_20532456_x2962_y1600_279.jpg;Кролино;0.9531;[[3490, 3421], [3724, 3473]];img20250920_20532456.tif;
img20250920_20532456_x2962_y1600_280.jpg;Ольхи;0.9785;[[4105, 3454], [4289, 3507]];img20250920_20532456.tif;
img20250920_20532456_x2962_y1600_281.jpg;Кабаны;0.9679;[[4375, 3451], [4611, 3509]];img20250920_20532456.tif;
img20250920_20532456_x2962_y1600_282.jpg;Becka;0.7575;[[4733, 3508], [4884, 3571]];img20250920_20532456.tif;
img20250920_20532456_x2962_y1600_283.jpg;Звездовф;0.8626;[[3889, 3542], [4108, 3600]];img20250920_20532456.tif;
img20250920_20532456_x2962_y1600_284.jpg;Вищенка;0.6802;[[3634, 3563], [3856, 3600]];img20250920_20532456.tif;
img20250920_20532456_x2962_y1600_285.jpg;Риднево;0.7289;[[4272, 3561], [4464, 3600]];img20250920_20532456.tif;
img20250920_20532456_x0_y3200_286.jpg;Старый Двор;0.9351;[[524, 3224], [975, 3293]];img20250920_20532456.tif;
img20250920_20532456_x0_y3200_287.jpg;Зфстременье;0.9328;[[1316, 3220], [1726, 3286]];img20250920_20532456.tif;
img20250920_20532456_x0_y3200_289.jpg;Продолжьё;0.8634;[[1268, 3365], [1598, 3426]];img20250920_20532456.tif;
img20250920_20532456_x0_y3200_290.jpg;Cmen;0.7346;[[1796, 3356], [1991, 3412]];img20250920_20532456.tif;
img20250920_20532456_x0_y3200_292.jpg;аболдтье;0.9303;[[0, 3392], [322, 3441]];img20250920_20532456.tif;
img20250920_20532456_x0_y3200_293.jpg;Сброть;0.6879;[[712, 3396], [992, 3469]];img20250920_20532456.tif;
img20250920_20532456_x0_y3200_295.jpg;Большое Кузино;0.9359;[[1055, 3428], [1574, 3496]];img20250920_20532456.tif;
img20250920_20532456_x0_y3200_296.jpg;Плясани;0.946;[[420, 3454], [726, 3509]];img20250920_20532456.tif;
img20250920_20532456_x0_y3200_297.jpg;Авинйщи;0.8836;[[1600, 3481], [1889, 3530]];img20250920_20532456.tif;
img20250920_20532456_x0_y3200_298.jpg;Струга;0.8027;[[1006, 3512], [1247, 3583]];img20250920_20532456.tif;
img20250920_20532456_x0_y3200_301.jpg;Мирослав;0.637;[[520, 3590], [880, 3657]];img20250920_20532456.tif;
img20250920_20532456_x0_y3200_302.jpg;Иглино;0.6505;[[32, 3663], [231, 3727]];img20250920_20532456.tif;
img20250920_20532456_x0_y3200_303.jpg;озТайловское;0.9567;[[806, 3687], [1229, 3745]];img20250920_20532456.tif;
img20250920_20532456_x0_y3200_304.jpg;Селецкое;0.9793;[[1511, 3761], [1814, 3822]];img20250920_20532456.tif;
img20250920_20532456_x0_y3200_305.jpg;Тайлово;0.9515;[[984, 3806], [1280, 3869]];img20250920_20532456.tif;
img20250920_20532456_x0_y3200_306.jpg;Осиновик;0.827;[[1632, 3856], [1880, 3904]];img20250920_20532456.tif;
img20250920_20532456_x0_y3200_307.jpg;Судеревье;0.8818;[[1574, 3924], [1831, 3986]];img20250920_20532456.tif;
img20250920_20532456_x0_y3200_308.jpg;Крафное-;0.9127;[[59, 3957], [346, 4017]];img20250920_20532456.tif;
img20250920_20532456_x0_y3200_309.jpg;Болфто;0.9131;[[78, 4020], [336, 4069]];img20250920_20532456.tif;
img20250920_20532456_x0_y3200_310.jpg;Copom;0.9719;[[1734, 3952], [1955, 4131]];img20250920_20532456.tif;
img20250920_20532456_x0_y3200_312.jpg;Лжун;0.644;[[1462, 4121], [1679, 4178]];img20250920_20532456.tif;
img20250920_20532456_x0_y3200_314.jpg;Подлужье;0.971;[[893, 4400], [1207, 4467]];img20250920_20532456.tif;
img20250920_20532456_x0_y3200_315.jpg;Михалкино;0.8809;[[1435, 4408], [1693, 4464]];img20250920_20532456.tif;
img20250920_20532456_x0_y3200_316.jpg;АПриветок;0.8565;[[271, 4440], [710, 4502]];img20250920_20532456.tif;
img20250920_20532456_x0_y3200_318.jpg;ПищиноТимошкино;0.8825;[[672, 4520], [1496, 4618]];img20250920_20532456.tif;
img20250920_20532456_x0_y3200_319.jpg;Барута;0.9298;[[1584, 4602], [1775, 4668]];img20250920_20532456.tif;
img20250920_20532456_x0_y3200_320.jpg;CyxapeBo;0.6814;[[1023, 4616], [1299, 4684]];img20250920_20532456.tif;
img20250920_20532456_x0_y3200_321.jpg;Ханево;0.9487;[[607, 4705], [910, 4780]];img20250920_20532456.tif;
img20250920_20532456_x0_y3200_322.jpg;Заборье;0.9436;[[1407, 4787], [1663, 4849]];img20250920_20532456.tif;
img20250920_20532456_x0_y3200_324.jpg;Бод. Слобода;0.8444;[[5, 4878], [492, 4970]];img20250920_20532456.tif;
img20250920_20532456_x0_y3200_325.jpg;Грирьково;0.8401;[[1657, 4894], [1952, 4960]];img20250920_20532456.tif;
img20250920_20532456_x0_y3200_326.jpg;Заход;0.8574;[[1148, 4915], [1336, 4977]];img20250920_20532456.tif;
img20250920_20532456_x0_y3200_327.jpg;Мыльнево;0.9671;[[720, 5099], [1049, 5148]];img20250920_20532456.tif;
img20250920_20532456_x0_y3200_328.jpg;Коростовец;0.9264;[[1409, 5096], [1874, 5174]];img20250920_20532456.tif;
img20250920_20532456_x0_y3200_329.jpg;Слимово;0.8052;[[392, 5117], [641, 5165]];img20250920_20532456.tif;
img20250920_20532456_x1600_y3200_330.jpg;Рылова;0.652;[[1736, 3200], [2009, 3249]];img20250920_20532456.tif;
img20250920_20532456_x1600_y3200_331.jpg;Рюменец;0.9137;[[3037, 3201], [3286, 3266]];img20250920_20532456.tif;
img20250920_20532456_x1600_y3200_332.jpg;Мясово;0.7803;[[2701, 3246], [2919, 3315]];img20250920_20532456.tif;
img20250920_20532456_x1600_y3200_333.jpg;Зажигино;0.9499;[[2964, 3374], [3352, 3466]];img20250920_20532456.tif;
img20250920_20532456_x1600_y3200_334.jpg;Яконово;0.6835;[[1843, 3458], [2092, 3525]];img20250920_20532456.tif;
img20250920_20532456_x1600_y3200_336.jpg;Новины;0.7638;[[2785, 3541], [2991, 3609]];img20250920_20532456.tif;
img20250920_20532456_x1600_y3200_337.jpg;Ompe3;0.7287;[[3104, 3564], [3296, 3620]];img20250920_20532456.tif;
img20250920_20532456_x1600_y3200_338.jpg;Заборов;0.8963;[[3362, 3575], [3576, 3647]];img20250920_20532456.tif;
img20250920_20532456_x1600_y3200_339.jpg;Никулино;0.749;[[2497, 3664], [2795, 3725]];img20250920_20532456.tif;
img20250920_20532456_x1600_y3200_340.jpg;Исаково;0.9771;[[3095, 3748], [3345, 3806]];img20250920_20532456.tif;
img20250920_20532456_x1600_y3200_341.jpg;Хвостовд;0.8497;[[1823, 3780], [2089, 3845]];img20250920_20532456.tif;
img20250920_20532456_x1600_y3200_342.jpg;Тетерин;0.9183;[[2493, 3829], [2865, 3898]];img20250920_20532456.tif;
img20250920_20532456_x1600_y3200_343.jpg;Кудеверь;0.8257;[[2197, 3875], [2414, 3923]];img20250920_20532456.tif;
img20250920_20532456_x1600_y3200_345.jpg;Бол.Бакспи;0.7911;[[1739, 3939], [2013, 3992]];img20250920_20532456.tif;
img20250920_20532456_x1600_y3200_346.jpg;Сушково;0.8857;[[2088, 3947], [2380, 4013]];img20250920_20532456.tif;
img20250920_20532456_x1600_y3200_347.jpg;Селиваново;0.8789;[[2899, 3965], [3200, 4006]];img20250920_20532456.tif;
img20250920_20532456_x1600_y3200_348.jpg;отовилово;0.9417;[[1600, 4039], [1870, 4084]];img20250920_20532456.tif;
img20250920_20532456_x1600_y3200_349.jpg;Грибаново;0.9096;[[2715, 4071], [3136, 4137]];img20250920_20532456.tif;
img20250920_20532456_x1600_y3200_350.jpg;Росстани;0.7224;[[2339, 4090], [2593, 4139]];img20250920_20532456.tif;
img20250920_20532456_x1600_y3200_351.jpg;Полозово;0.9038;[[3200, 4082], [3467, 4142]];img20250920_20532456.tif;
img20250920_20532456_x1600_y3200_352.jpg;Мал.;0.8146;[[2007, 4135], [2137, 4186]];img20250920_20532456.tif;
img20250920_20532456_x1600_y3200_354.jpg;ЛюбовецА;0.9001;[[1682, 4170], [1993, 4214]];img20250920_20532456.tif;
img20250920_20532456_x1600_y3200_355.jpg;Алешно;0.9339;[[2139, 4203], [2381, 4255]];img20250920_20532456.tif;
img20250920_20532456_x1600_y3200_356.jpg;Суслово 2-е;0.8399;[[2612, 4198], [2941, 4252]];img20250920_20532456.tif;
img20250920_20532456_x1600_y3200_357.jpg;Бол.;0.9038;[[2027, 4248], [2143, 4296]];img20250920_20532456.tif;
img20250920_20532456_x1600_y3200_358.jpg;Подриглово;0.8994;[[2979, 4288], [3465, 4348]];img20250920_20532456.tif;
img20250920_20532456_x1600_y3200_359.jpg;о3.Любавец;0.8371;[[1698, 4310], [1991, 4363]];img20250920_20532456.tif;
img20250920_20532456_x1600_y3200_360.jpg;Заречые;0.7117;[[2377, 4334], [2572, 4399]];img20250920_20532456.tif;
img20250920_20532456_x1600_y3200_362.jpg;Кудрово;0.9606;[[1601, 4350], [1835, 4404]];img20250920_20532456.tif;
img20250920_20532456_x1600_y3200_365.jpg;Тетрово;0.694;[[1600, 4456], [1833, 4509]];img20250920_20532456.tif;
img20250920_20532456_x1600_y3200_366.jpg;OBO;0.7451;[[1601, 4556], [1702, 4596]];img20250920_20532456.tif;
img20250920_20532456_x1600_y3200_367.jpg;Бол.Иваново;0.9468;[[3126, 4582], [3565, 4638]];img20250920_20532456.tif;
img20250920_20532456_x1600_y3200_368.jpg;Muxeevo;0.6632;[[1771, 4616], [1986, 4666]];img20250920_20532456.tif;
img20250920_20532456_x1600_y3200_369.jpg;Акулов;0.9306;[[2354, 4615], [2606, 4685]];img20250920_20532456.tif;
img20250920_20532456_x1600_y3200_370.jpg;Рефиетниково;0.9161;[[3025, 4655], [3424, 4701]];img20250920_20532456.tif;
img20250920_20532456_x1600_y3200_371.jpg;Суслово 1-е;0.8241;[[2071, 4678], [2435, 4760]];img20250920_20532456.tif;
img20250920_20532456_x1600_y3200_372.jpg;Кадочно;0.9633;[[2736, 4743], [2976, 4796]];img20250920_20532456.tif;
img20250920_20532456_x1600_y3200_373.jpg;Малиновка;0.85;[[3195, 4839], [3575, 4897]];img20250920_20532456.tif;
img20250920_20532456_x1600_y3200_374.jpg;Доманькино;0.9376;[[2368, 4857], [2730, 4917]];img20250920_20532456.tif;
img20250920_20532456_x1600_y3200_375.jpg;Кириллфво;0.7498;[[2856, 4931], [3182, 4995]];img20250920_20532456.tif;
img20250920_20532456_x1600_y3200_376.jpg;Старый Двор;0.9491;[[2300, 5038], [2719, 5115]];img20250920_20532456.tif;
img20250920_20532456_x1600_y3200_377.jpg;Здстременье;0.9167;[[3060, 5044], [3472, 5115]];img20250920_20532456.tif;
img20250920_20532456_x2962_y3200_380.jpg;HOBOPЖEB;0.8461;[[3387, 3525], [3991, 3648]];img20250920_20532456.tif;
img20250920_20532456_x2962_y3200_384.jpg;0-35-XXIV;0.9392;[[3528, 3698], [3838, 3765]];img20250920_20532456.tif;
img20250920_20532456_x2962_y3200_389.jpg;Лвенка;0.6866;[[4240, 3896], [4416, 3949]];img20250920_20532456.tif;
img20250920_20532456_x2962_y3200_391.jpg;Мыльнево;0.956;[[3593, 4045], [3835, 4092]];img20250920_20532456.tif;
img20250920_20532456_x2962_y3200_392.jpg;Покрфв;0.9207;[[4802, 4073], [4962, 4122]];img20250920_20532456.tif;
img20250920_20532456_x2962_y3200_395.jpg;Сидоренец;0.6296;[[4288, 4190], [4524, 4235]];img20250920_20532456.tif;
img20250920_20532456_x2962_y3200_396.jpg;Брыней;0.7422;[[4745, 4238], [4934, 4294]];img20250920_20532456.tif;
img20250920_20532456_x2962_y3200_397.jpg;г.Душилиха;0.7899;[[3068, 4273], [3512, 4362]];img20250920_20532456.tif;
img20250920_20532456_x2962_y3200_398.jpg;Цвень;0.8032;[[4479, 4317], [4690, 4381]];img20250920_20532456.tif;
img20250920_20532456_x2962_y3200_400.jpg;Pyu;0.696;[[4806, 4398], [4937, 4469]];img20250920_20532456.tif;
img20250920_20532456_x2962_y3200_401.jpg;Кднобрододо;0.8617;[[4177, 4411], [4468, 4476]];img20250920_20532456.tif;
img20250920_20532456_x2962_y3200_402.jpg;Дубье;0.6028;[[4577, 4483], [4740, 4573]];img20250920_20532456.tif;
img20250920_20532456_x2962_y3200_403.jpg;манбво;0.7501;[[2962, 4591], [3188, 4646]];img20250920_20532456.tif;
img20250920_20532456_x2962_y3200_404.jpg;Сахинф;0.6419;[[3641, 4598], [3919, 4661]];img20250920_20532456.tif;
img20250920_20532456_x2962_y3200_405.jpg;Улазово;0.9435;[[4621, 4615], [4817, 4673]];img20250920_20532456.tif;
img20250920_20532456_x2962_y3200_406.jpg;Вичиково;0.6852;[[3179, 4649], [3465, 4702]];img20250920_20532456.tif;
img20250920_20532456_x2962_y3200_407.jpg;Ескино;0.6806;[[4776, 4686], [4959, 4742]];img20250920_20532456.tif;
img20250920_20532456_x2962_y3200_408.jpg;Дудкино;0.8782;[[3637, 4696], [3885, 4765]];img20250920_20532456.tif;
img20250920_20532456_x2962_y3200_409.jpg;Рылово;0.6123;[[3297, 4727], [3563, 4787]];img20250920_20532456.tif;
img20250920_20532456_x2962_y3200_410.jpg;Рюменец;0.9156;[[4491, 4737], [4725, 4783]];img20250920_20532456.tif;
img20250920_20532456_x2962_y3200_412.jpg;Мясово;0.8454;[[4163, 4763], [4376, 4823]];img20250920_20532456.tif;
img20250920_20532456_x2962_y3200_413.jpg;Эдорье;0.791;[[3832, 4805], [4075, 4880]];img20250920_20532456.tif;
img20250920_20532456_x2962_y3200_415.jpg;Зажигино;0.9573;[[4420, 4881], [4745, 4937]];img20250920_20532456.tif;
img20250920_20532456_x2962_y3200_416.jpg;КОНОВО;0.6617;[[3367, 4920], [3556, 4962]];img20250920_20532456.tif;
img20250920_20532456_x2962_y3200_418.jpg;Новины;0.8103;[[4172, 5015], [4435, 5075]];img20250920_20532456.tif;
img20250920_20532456_x2962_y3200_419.jpg;Ompe3;0.792;[[4546, 5041], [4713, 5094]];img20250920_20532456.tif;
img20250920_20532456_x2962_y3200_420.jpg;ecka;0.7555;[[2962, 5082], [3063, 5122]];img20250920_20532456.tif;
img20250920_20532456_x2962_y3200_421.jpg;Кашиха;0.6472;[[3621, 5075], [3865, 5123]];img20250920_20532456.tif;
img20250920_20532456_x2962_y3200_422.jpg;Заборов;0.9016;[[4779, 5085], [4962, 5136]];img20250920_20532456.tif;
img20250920_20532456_x2962_y3200_423.jpg;Никулино;0.7972;[[3932, 5133], [4236, 5196]];img20250920_20532456.tif;
img20250920_20532456_x0_y4800_424.jpg;и дроачево;0.8415;[[570, 4800], [854, 4835]];img20250920_20532456.tif;
img20250920_20532456_x0_y4800_425.jpg;Борыгино;0.9287;[[131, 4814], [444, 4904]];img20250920_20532456.tif;
img20250920_20532456_x0_y4800_426.jpg;Клюкино;0.9336;[[1654, 4810], [2000, 4879]];img20250920_20532456.tif;
img20250920_20532456_x0_y4800_427.jpg;Старцево;0.8114;[[705, 4881], [946, 4926]];img20250920_20532456.tif;
img20250920_20532456_x0_y4800_428.jpg;-Бол.Городец;0.7297;[[1228, 4892], [1581, 4933]];img20250920_20532456.tif;
img20250920_20532456_x0_y4800_429.jpg;Савкино;0.7603;[[105, 4924], [387, 4994]];img20250920_20532456.tif;
img20250920_20532456_x0_y4800_430.jpg;Смородовна;0.9332;[[1615, 4932], [1951, 5005]];img20250920_20532456.tif;
img20250920_20532456_x0_y4800_431.jpg;ocm.n;0.7565;[[1846, 4980], [1990, 5028]];img20250920_20532456.tif;
img20250920_20532456_x0_y4800_432.jpg;LUHO;0.7858;[[0, 5025], [140, 5072]];img20250920_20532456.tif;
img20250920_20532456_x0_y4800_437.jpg;Озерцы;0.9122;[[1655, 5062], [1864, 5117]];img20250920_20532456.tif;
img20250920_20532456_x0_y4800_438.jpg;Заборье;0.8577;[[1384, 5207], [1580, 5249]];img20250920_20532456.tif;
img20250920_20532456_x0_y4800_439.jpg;Симануха;0.7756;[[1032, 5225], [1331, 5271]];img20250920_20532456.tif;
img20250920_20532456_x0_y4800_441.jpg;Заханье;0.9114;[[385, 5260], [655, 5324]];img20250920_20532456.tif;
img20250920_20532456_x0_y4800_442.jpg;Ломы;0.8682;[[1805, 5305], [1950, 5353]];img20250920_20532456.tif;
img20250920_20532456_x0_y4800_443.jpg;Палкино;0.952;[[126, 5347], [395, 5400]];img20250920_20532456.tif;
img20250920_20532456_x0_y4800_444.jpg;Гущино;0.6329;[[1552, 5333], [1775, 5380]];img20250920_20532456.tif;
img20250920_20532456_x0_y4800_445.jpg;Филедкд;0.8578;[[1438, 5376], [1671, 5425]];img20250920_20532456.tif;
img20250920_20532456_x0_y4800_446.jpg;Ашево;0.6861;[[644, 5390], [784, 5441]];img20250920_20532456.tif;
img20250920_20532456_x0_y4800_447.jpg;Камепка;0.7954;[[1069, 5380], [1386, 5439]];img20250920_20532456.tif;
img20250920_20532456_x0_y4800_448.jpg;Клескино;0.6724;[[1723, 5429], [1995, 5486]];img20250920_20532456.tif;
img20250920_20532456_x0_y4800_449.jpg;Бол;0.6716;[[282, 5484], [396, 5539]];img20250920_20532456.tif;
img20250920_20532456_x0_y4800_450.jpg;Гбрлово;0.8333;[[1093, 5553], [1308, 5597]];img20250920_20532456.tif;
img20250920_20532456_x0_y4800_451.jpg;-Гагрино;0.8597;[[437, 5589], [696, 5641]];img20250920_20532456.tif;
img20250920_20532456_x0_y4800_453.jpg;Мал.;0.7157;[[277, 5645], [425, 5706]];img20250920_20532456.tif;
img20250920_20532456_x0_y4800_455.jpg;opa;0.9896;[[1542, 5674], [1623, 5721]];img20250920_20532456.tif;
img20250920_20532456_x0_y4800_456.jpg;Ивахново;0.9075;[[14, 5704], [325, 5761]];img20250920_20532456.tif;
img20250920_20532456_x0_y4800_457.jpg;Косткодо;0.9164;[[910, 5700], [1185, 5752]];img20250920_20532456.tif;
img20250920_20532456_x0_y4800_458.jpg;Рабочий;0.9221;[[1729, 5731], [1956, 5797]];img20250920_20532456.tif;
img20250920_20532456_x0_y4800_459.jpg;Завещевье;0.9243;[[262, 5809], [563, 5865]];img20250920_20532456.tif;
img20250920_20532456_x0_y4800_460.jpg;Поселос;0.731;[[1740, 5793], [1976, 5854]];img20250920_20532456.tif;
img20250920_20532456_x0_y4800_461.jpg;Феdово;0.6289;[[1256, 5818], [1444, 5867]];img20250920_20532456.tif;
img20250920_20532456_x0_y4800_462.jpg;Офикоды;0.6528;[[1646, 5876], [1883, 5940]];img20250920_20532456.tif;
img20250920_20532456_x0_y4800_463.jpg;лкинское;0.7226;[[0, 5975], [255, 6026]];img20250920_20532456.tif;
img20250920_20532456_x0_y4800_464.jpg;Подсосонье;0.928;[[1236, 6034], [1564, 6101]];img20250920_20532456.tif;
img20250920_20532456_x0_y4800_465.jpg;Сапрыгино;0.9484;[[1070, 6108], [1298, 6157]];img20250920_20532456.tif;
img20250920_20532456_x0_y4800_467.jpg;Падлооо;0.7501;[[1685, 6123], [1934, 6183]];img20250920_20532456.tif;
img20250920_20532456_x0_y4800_468.jpg;Липовец-;0.7693;[[646, 6175], [922, 6232]];img20250920_20532456.tif;
img20250920_20532456_x0_y4800_469.jpg;Завещенский;0.8969;[[592, 6212], [986, 6274]];img20250920_20532456.tif;
img20250920_20532456_x0_y4800_470.jpg;Лифаново;0.8692;[[1250, 6308], [1556, 6367]];img20250920_20532456.tif;
img20250920_20532456_x0_y4800_471.jpg;Залешье;0.9888;[[198, 6328], [446, 6386]];img20250920_20532456.tif;
img20250920_20532456_x0_y4800_472.jpg;Игнащево;0.8832;[[812, 6335], [1107, 6390]];img20250920_20532456.tif;
img20250920_20532456_x0_y4800_474.jpg;Старополье;0.9815;[[154, 6538], [461, 6596]];img20250920_20532456.tif;
img20250920_20532456_x0_y4800_475.jpg;Макарино;0.6881;[[703, 6630], [1007, 6678]];img20250920_20532456.tif;
img20250920_20532456_x0_y4800_476.jpg;Оренцево;0.9118;[[0, 6669], [277, 6749]];img20250920_20532456.tif;
img20250920_20532456_x1600_y4800_477.jpg;лонооа;0.8821;[[2543, 4805], [2710, 4822]];img20250920_20532456.tif;
img20250920_20532456_x1600_y4800_478.jpg;Борок;0.7811;[[2796, 4805], [2968, 4869]];img20250920_20532456.tif;
img20250920_20532456_x1600_y4800_479.jpg;Вяльцево;0.9772;[[3095, 4800], [3363, 4856]];img20250920_20532456.tif;
img20250920_20532456_x1600_y4800_480.jpg;Артюшкино;0.978;[[2881, 4874], [3270, 4953]];img20250920_20532456.tif;
img20250920_20532456_x1600_y4800_481.jpg;етерки;0.8607;[[3333, 4942], [3541, 5001]];img20250920_20532456.tif;
img20250920_20532456_x1600_y4800_482.jpg;Топорово;0.7257;[[2499, 4995], [2749, 5050]];img20250920_20532456.tif;
img20250920_20532456_x1600_y4800_483.jpg;Шурлово;0.7945;[[3038, 5005], [3252, 5069]];img20250920_20532456.tif;
img20250920_20532456_x1600_y4800_485.jpg;Боскино;0.9864;[[2364, 5153], [2610, 5216]];img20250920_20532456.tif;
img20250920_20532456_x1600_y4800_487.jpg;Комарниково;0.9869;[[2887, 5212], [3257, 5274]];img20250920_20532456.tif;
img20250920_20532456_x1600_y4800_488.jpg;Тороди;0.7294;[[3434, 5253], [3599, 5315]];img20250920_20532456.tif;
img20250920_20532456_x1600_y4800_489.jpg;Подлесье;0.9407;[[3341, 5302], [3600, 5357]];img20250920_20532456.tif;
img20250920_20532456_x1600_y4800_490.jpg;Половиково;0.9285;[[2850, 5326], [3174, 5379]];img20250920_20532456.tif;
img20250920_20532456_x1600_y4800_491.jpg;Забор;0.654;[[1923, 5343], [2102, 5417]];img20250920_20532456.tif;
img20250920_20532456_x1600_y4800_492.jpg;Валтухово;0.922;[[2303, 5330], [2638, 5396]];img20250920_20532456.tif;
img20250920_20532456_x1600_y4800_493.jpg;Вакюково;0.7529;[[2723, 5367], [2967, 5421]];img20250920_20532456.tif;
img20250920_20532456_x1600_y4800_495.jpg;ИлЛфрионовсн;0.9039;[[3227, 5391], [3600, 5452]];img20250920_20532456.tif;
img20250920_20532456_x1600_y4800_496.jpg;Тихвино;0.888;[[2367, 5435], [2631, 5510]];img20250920_20532456.tif;
img20250920_20532456_x1600_y4800_497.jpg;Велейно;0.9698;[[3020, 5491], [3256, 5554]];img20250920_20532456.tif;
img20250920_20532456_x1600_y4800_498.jpg;Маютино;0.8409;[[3313, 5484], [3600, 5551]];img20250920_20532456.tif;
img20250920_20532456_x1600_y4800_499.jpg;Кривая Береза;0.9162;[[1979, 5549], [2378, 5634]];img20250920_20532456.tif;
img20250920_20532456_x1600_y4800_500.jpg;Коскинички;0.9165;[[2901, 5559], [3261, 5611]];img20250920_20532456.tif;
img20250920_20532456_x1600_y4800_501.jpg;Ублиска;0.8526;[[2473, 5595], [2660, 5662]];img20250920_20532456.tif;
img20250920_20532456_x1600_y4800_502.jpg;Копенкино;0.9682;[[2113, 5683], [2442, 5753]];img20250920_20532456.tif;
img20250920_20532456_x1600_y4800_503.jpg;Удачино;0.8598;[[1837, 5728], [2089, 5785]];img20250920_20532456.tif;
img20250920_20532456_x1600_y4800_504.jpg;Бабин;0.8273;[[3185, 5741], [3384, 5809]];img20250920_20532456.tif;
img20250920_20532456_x1600_y4800_505.jpg;Кузнецовb;0.7403;[[2425, 5792], [2731, 5876]];img20250920_20532456.tif;
img20250920_20532456_x1600_y4800_506.jpg;Фрловд;0.8977;[[1709, 5837], [1914, 5909]];img20250920_20532456.tif;
img20250920_20532456_x1600_y4800_507.jpg;Астици;0.7467;[[2051, 5846], [2335, 5898]];img20250920_20532456.tif;
img20250920_20532456_x1600_y4800_508.jpg;Душилиха;0.8992;[[2896, 5842], [3225, 5906]];img20250920_20532456.tif;
img20250920_20532456_x1600_y4800_509.jpg;Hротово;0.7445;[[3324, 5876], [3579, 5942]];img20250920_20532456.tif;
img20250920_20532456_x1600_y4800_510.jpg;Оклад;0.833;[[2692, 5916], [2894, 5975]];img20250920_20532456.tif;
img20250920_20532456_x1600_y4800_511.jpg;Алексино;0.9512;[[2688, 6016], [2966, 6072]];img20250920_20532456.tif;
img20250920_20532456_x1600_y4800_512.jpg;Дремлено;0.9457;[[3189, 6009], [3511, 6090]];img20250920_20532456.tif;
img20250920_20532456_x1600_y4800_514.jpg;сткрво 2-е;0.7667;[[1600, 6122], [1925, 6184]];img20250920_20532456.tif;
img20250920_20532456_x1600_y4800_515.jpg;Костолом;0.9086;[[3116, 6142], [3424, 6205]];img20250920_20532456.tif;
img20250920_20532456_x1600_y4800_516.jpg;Кашелиха;0.9395;[[2281, 6184], [2560, 6232]];img20250920_20532456.tif;
img20250920_20532456_x1600_y4800_517.jpg;Хаби;0.7146;[[3465, 6247], [3600, 6313]];img20250920_20532456.tif;
img20250920_20532456_x1600_y4800_518.jpg;Сумароково;0.8451;[[2993, 6257], [3347, 6338]];img20250920_20532456.tif;
img20250920_20532456_x1600_y4800_519.jpg;Грива;0.6228;[[1877, 6299], [2079, 6388]];img20250920_20532456.tif;
img20250920_20532456_x1600_y4800_520.jpg;Мостки;0.8335;[[2344, 6304], [2603, 6359]];img20250920_20532456.tif;
img20250920_20532456_x1600_y4800_521.jpg;Пентешкино;0.9455;[[2140, 6347], [2550, 6402]];img20250920_20532456.tif;
img20250920_20532456_x1600_y4800_523.jpg;Пуковищи;0.7569;[[1708, 6371], [1999, 6427]];img20250920_20532456.tif;
img20250920_20532456_x1600_y4800_524.jpg;Зфболот;0.9015;[[3350, 6351], [3597, 6411]];img20250920_20532456.tif;
img20250920_20532456_x1600_y4800_529.jpg;Райская;0.9277;[[2151, 6464], [2418, 6527]];img20250920_20532456.tif;
img20250920_20532456_x1600_y4800_530.jpg;Мал.Городец.;0.8737;[[2927, 6471], [3304, 6532]];img20250920_20532456.tif;
img20250920_20532456_x1600_y4800_532.jpg;Рябкино;0.9119;[[1848, 6496], [2111, 6558]];img20250920_20532456.tif;
img20250920_20532456_x1600_y4800_535.jpg;Княжая;0.9521;[[2407, 6572], [2673, 6628]];img20250920_20532456.tif;
img20250920_20532456_x1600_y4800_536.jpg;Ново-Малый;0.957;[[2966, 6548], [3342, 6616]];img20250920_20532456.tif;
img20250920_20532456_x1600_y4800_537.jpg;Грибанов;0.9053;[[3372, 6562], [3600, 6612]];img20250920_20532456.tif;
img20250920_20532456_x1600_y4800_538.jpg;Фородец;0.8196;[[3034, 6600], [3258, 6660]];img20250920_20532456.tif;
img20250920_20532456_x1600_y4800_539.jpg;Форбачево;0.7449;[[2294, 6646], [2600, 6707]];img20250920_20532456.tif;
img20250920_20532456_x1600_y4800_540.jpg;ТКлюн;0.7847;[[3369, 6642], [3600, 6702]];img20250920_20532456.tif;
img20250920_20532456_x1600_y4800_541.jpg;Борыгино;0.9392;[[1882, 6683], [2184, 6747]];img20250920_20532456.tif;
img20250920_20532456_x1600_y4800_542.jpg;Старцево;0.8215;[[2441, 6730], [2694, 6785]];img20250920_20532456.tif;
img20250920_20532456_x1600_y4800_543.jpg;-Бол.Городец;0.7247;[[2995, 6713], [3354, 6781]];img20250920_20532456.tif;
img20250920_20532456_x1600_y4800_544.jpg;Смородо;0.9079;[[3381, 6749], [3600, 6800]];img20250920_20532456.tif;
img20250920_20532456_x2962_y4800_545.jpg;ДЛЯ;0.9701;[[4807, 4978], [4962, 5059]];img20250920_20532456.tif;
img20250920_20532456_x2962_y4800_550.jpg;Состояние;0.9858;[[4684, 5261], [4962, 5335]];img20250920_20532456.tif;
img20250920_20532456_x2962_y4800_555.jpg;18KM;0.9412;[[3820, 5448], [3919, 5503]];img20250920_20532456.tif;
img20250920_20532456_x2962_y4800_557.jpg;Прохоров 54км;0.9311;[[4108, 5487], [4429, 5556]];img20250920_20532456.tif;
img20250920_20532456_x2962_y4800_558.jpg;Иль;0.8781;[[4840, 5485], [4952, 5539]];img20250920_20532456.tif;
img20250920_20532456_x2962_y4800_560.jpg;Ровное;0.9276;[[3749, 5678], [3934, 5735]];img20250920_20532456.tif;
img20250920_20532456_x2962_y4800_561.jpg;Сорркино;0.7749;[[4136, 5677], [4389, 5745]];img20250920_20532456.tif;
img20250920_20532456_x2962_y4800_562.jpg;Приго;0.7332;[[4793, 5691], [4962, 5746]];img20250920_20532456.tif;
img20250920_20532456_x2962_y4800_563.jpg;Покрфвское;0.9639;[[3093, 5724], [3346, 5773]];img20250920_20532456.tif;
img20250920_20532456_x2962_y4800_564.jpg;Козюльки;0.9645;[[3491, 5771], [3722, 5813]];img20250920_20532456.tif;
img20250920_20532456_x2962_y4800_565.jpg;Пустошкф;0.7084;[[2967, 5823], [3238, 5881]];img20250920_20532456.tif;
img20250920_20532456_x2962_y4800_566.jpg;Брыней;0.7696;[[3023, 5904], [3217, 5954]];img20250920_20532456.tif;
img20250920_20532456_x2962_y4800_567.jpg;Иванцево;0.965;[[3595, 5920], [3853, 5965]];img20250920_20532456.tif;
img20250920_20532456_x2962_y4800_568.jpg;Бол;0.929;[[4859, 5924], [4962, 5980]];img20250920_20532456.tif;
img20250920_20532456_x2962_y4800_569.jpg;22ЯM;0.6377;[[3208, 5924], [3412, 5998]];img20250920_20532456.tif;
img20250920_20532456_x2962_y4800_570.jpg;Жиповик;0.7619;[[4039, 5991], [4242, 6037]];img20250920_20532456.tif;
img20250920_20532456_x2962_y4800_571.jpg;Ильюшкинф;0.9357;[[3442, 6011], [3734, 6059]];img20250920_20532456.tif;
img20250920_20532456_x2962_y4800_572.jpg;Разлог;0.7189;[[4778, 6012], [4962, 6065]];img20250920_20532456.tif;
img20250920_20532456_x2962_y4800_573.jpg;Замошье;0.9871;[[3265, 6154], [3515, 6211]];img20250920_20532456.tif;
img20250920_20532456_x2962_y4800_574.jpg;Рыбино;0.92;[[3608, 6173], [3835, 6226]];img20250920_20532456.tif;
img20250920_20532456_x2962_y4800_575.jpg;Ocmpue;0.954;[[4338, 6216], [4561, 6273]];img20250920_20532456.tif;
img20250920_20532456_x2962_y4800_576.jpg;Крылово;0.971;[[3400, 6247], [3649, 6311]];img20250920_20532456.tif;
img20250920_20532456_x2962_y4800_577.jpg;ово;0.9327;[[2962, 6286], [3047, 6328]];img20250920_20532456.tif;
img20250920_20532456_x2962_y4800_578.jpg;Каменка;0.9381;[[3235, 6315], [3455, 6364]];img20250920_20532456.tif;
img20250920_20532456_x2962_y4800_579.jpg;Харитоново;0.9656;[[3916, 6315], [4206, 6375]];img20250920_20532456.tif;
img20250920_20532456_x2962_y4800_580.jpg;Вяльцево;0.9648;[[4568, 6313], [4835, 6371]];img20250920_20532456.tif;
img20250920_20532456_x2962_y4800_581.jpg;Борок;0.7897;[[4296, 6343], [4438, 6394]];img20250920_20532456.tif;
img20250920_20532456_x2962_y4800_582.jpg;Ескино;0.6283;[[2992, 6355], [3183, 6401]];img20250920_20532456.tif;
img20250920_20532456_x2962_y4800_583.jpg;Артюшкино;0.9817;[[4355, 6407], [4740, 6466]];img20250920_20532456.tif;
img20250920_20532456_x2962_y4800_584.jpg;Топорово;0.7362;[[3977, 6517], [4217, 6581]];img20250920_20532456.tif;
img20250920_20532456_x2962_y4800_585.jpg;Шурлово;0.8364;[[4507, 6528], [4723, 6581]];img20250920_20532456.tif;
img20250920_20532456_x2962_y4800_586.jpg;Боскино;0.9842;[[3843, 6685], [4083, 6752]];img20250920_20532456.tif;
img20250920_20532456_x2962_y4800_587.jpg;Комарниково;0.9896;[[4356, 6726], [4748, 6792]];img20250920_20532456.tif;
img20250920_20532456_x0_y5013_589.jpg;бээтонги;0.699;[[1349, 5379], [1647, 5429]];img20250920_20532456.tif;
img20250920_20532456_x0_y5013_590.jpg;Завещенскии;0.8182;[[1447, 5511], [1855, 5551]];img20250920_20532456.tif;
img20250920_20532456_x0_y5013_591.jpg;nagoun;0.756;[[1529, 5546], [1789, 5597]];img20250920_20532456.tif;
img20250920_20532456_x0_y5013_593.jpg;nnnoopa;0.6062;[[322, 5869], [574, 5918]];img20250920_20532456.tif;
img20250920_20532456_x0_y5013_594.jpg;rdo;0.6525;[[684, 5970], [747, 6000]];img20250920_20532456.tif;
img20250920_20532456_x0_y5013_595.jpg;офоншрон;0.7883;[[1135, 5978], [1404, 6032]];img20250920_20532456.tif;
img20250920_20532456_x0_y5013_598.jpg;ЛиповецГорский;0.7918;[[179, 6073], [826, 6150]];img20250920_20532456.tif;
img20250920_20532456_x1600_y5013_602.jpg;Вяльцево;0.968;[[2865, 5013], [3137, 5068]];img20250920_20532456.tif;
img20250920_20532456_x1600_y5013_603.jpg;Харитоново;0.9691;[[2179, 5017], [2490, 5076]];img20250920_20532456.tif;
img20250920_20532456_x1600_y5013_604.jpg;Борок;0.6404;[[2571, 5031], [2740, 5099]];img20250920_20532456.tif;
img20250920_20532456_x1600_y5013_605.jpg;НАртюшкино;0.8928;[[2581, 5101], [3043, 5165]];img20250920_20532456.tif;
img20250920_20532456_x1600_y5013_606.jpg;етерки;0.909;[[3108, 5154], [3332, 5204]];img20250920_20532456.tif;
img20250920_20532456_x1600_y5013_608.jpg;Топорово;0.6569;[[2269, 5224], [2519, 5276]];img20250920_20532456.tif;
img20250920_20532456_x1600_y5013_609.jpg;Шурлово;0.7408;[[2773, 5223], [3031, 5279]];img20250920_20532456.tif;
img20250920_20532456_x1600_y5013_610.jpg;Боскино;0.9821;[[2133, 5379], [2382, 5440]];img20250920_20532456.tif;
img20250920_20532456_x1600_y5013_611.jpg;Комарниково;0.9878;[[2656, 5418], [3050, 5487]];img20250920_20532456.tif;
img20250920_20532456_x1600_y5013_613.jpg;Тородище;0.9161;[[3245, 5452], [3523, 5516]];img20250920_20532456.tif;
img20250920_20532456_x1600_y5013_614.jpg;Подлесье;0.9031;[[3146, 5502], [3425, 5564]];img20250920_20532456.tif;
img20250920_20532456_x1600_y5013_615.jpg;Половиково;0.9394;[[2617, 5533], [2957, 5595]];img20250920_20532456.tif;
img20250920_20532456_x1600_y5013_616.jpg;Забор;0.6645;[[1708, 5566], [1877, 5636]];img20250920_20532456.tif;
img20250920_20532456_x1600_y5013_617.jpg;Валтухово;0.9013;[[2072, 5551], [2412, 5614]];img20250920_20532456.tif;
img20250920_20532456_x1600_y5013_618.jpg;Валюково;0.7577;[[2494, 5579], [2746, 5635]];img20250920_20532456.tif;
img20250920_20532456_x1600_y5013_619.jpg;Иллфрионовское;0.9492;[[3011, 5584], [3494, 5667]];img20250920_20532456.tif;
img20250920_20532456_x1600_y5013_621.jpg;Тихвино;0.8972;[[2135, 5663], [2402, 5726]];img20250920_20532456.tif;
img20250920_20532456_x1600_y5013_622.jpg;Велейно;0.9597;[[2796, 5691], [3051, 5767]];img20250920_20532456.tif;
img20250920_20532456_x1600_y5013_623.jpg;Маютино;0.8739;[[3110, 5687], [3421, 5760]];img20250920_20532456.tif;
img20250920_20532456_x1600_y5013_624.jpg;Коскинички;0.9226;[[2679, 5765], [3056, 5822]];img20250920_20532456.tif;
img20250920_20532456_x1600_y5013_625.jpg;Кривая;0.9631;[[1760, 5788], [1956, 5845]];img20250920_20532456.tif;
img20250920_20532456_x1600_y5013_626.jpg;я Береза;0.6751;[[1928, 5773], [2138, 5843]];img20250920_20532456.tif;
img20250920_20532456_x1600_y5013_627.jpg;Ублиска;0.8411;[[2237, 5813], [2427, 5881]];img20250920_20532456.tif;
img20250920_20532456_x1600_y5013_628.jpg;Добр;0.8351;[[3470, 5826], [3600, 5903]];img20250920_20532456.tif;
img20250920_20532456_x1600_y5013_629.jpg;Копенкино;0.9707;[[1878, 5902], [2206, 5974]];img20250920_20532456.tif;
img20250920_20532456_x1600_y5013_630.jpg;Удачинд;0.8953;[[1614, 5950], [1857, 6012]];img20250920_20532456.tif;
img20250920_20532456_x1600_y5013_631.jpg;Бабинф;0.8342;[[2973, 5959], [3203, 6025]];img20250920_20532456.tif;
img20250920_20532456_x1600_y5013_632.jpg;Кузнецовь;0.7998;[[2181, 6008], [2490, 6094]];img20250920_20532456.tif;
img20250920_20532456_x1600_y5013_633.jpg;Астици;0.7467;[[1821, 6061], [2092, 6119]];img20250920_20532456.tif;
img20250920_20532456_x1600_y5013_634.jpg;Душилиха;0.8764;[[2660, 6055], [3009, 6118]];img20250920_20532456.tif;
img20250920_20532456_x1600_y5013_636.jpg;наротово;0.7278;[[3109, 6088], [3388, 6168]];img20250920_20532456.tif;
img20250920_20532456_x1600_y5013_637.jpg;Окладр;0.7112;[[2448, 6129], [2655, 6189]];img20250920_20532456.tif;
img20250920_20532456_x1600_y5013_638.jpg;Алексино;0.9548;[[2446, 6228], [2730, 6275]];img20250920_20532456.tif;
img20250920_20532456_x1600_y5013_639.jpg;Дремлено;0.9445;[[2973, 6230], [3312, 6302]];img20250920_20532456.tif;
img20250920_20532456_x1600_y5013_641.jpg;Мал.Старики;0.7335;[[3280, 6259], [3577, 6338]];img20250920_20532456.tif;
img20250920_20532456_x1600_y5013_643.jpg;Костолом;0.7874;[[2901, 6362], [3231, 6415]];img20250920_20532456.tif;
img20250920_20532456_x1600_y5013_644.jpg;Кашелиха;0.9559;[[2042, 6377], [2315, 6427]];img20250920_20532456.tif;
img20250920_20532456_x1600_y5013_645.jpg;Сумароково;0.8503;[[2769, 6468], [3158, 6547]];img20250920_20532456.tif;
img20250920_20532456_x1600_y5013_646.jpg;Хабнц;0.8981;[[3286, 6461], [3480, 6529]];img20250920_20532456.tif;
img20250920_20532456_x1600_y5013_647.jpg;новищи;0.7066;[[1600, 6544], [1799, 6599]];img20250920_20532456.tif;
img20250920_20532456_x1600_y5013_648.jpg;Пентешкино;0.9575;[[1931, 6538], [2329, 6590]];img20250920_20532456.tif;
img20250920_20532456_x1600_y5013_651.jpg;Зфболотье;0.9385;[[3167, 6563], [3492, 6628]];img20250920_20532456.tif;
img20250920_20532456_x1600_y5013_654.jpg;Райская;0.8774;[[1944, 6648], [2214, 6717]];img20250920_20532456.tif;
img20250920_20532456_x1600_y5013_655.jpg;Рябкино;0.9032;[[1666, 6665], [1909, 6738]];img20250920_20532456.tif;
img20250920_20532456_x1600_y5013_656.jpg;(Грани;0.7567;[[3377, 6667], [3600, 6746]];img20250920_20532456.tif;
img20250920_20532456_x1600_y5013_657.jpg;Мал.Городеи.20;0.8342;[[2728, 6681], [3249, 6751]];img20250920_20532456.tif;
img20250920_20532456_x1600_y5013_659.jpg;9OT;0.6604;[[3143, 6749], [3253, 6793]];img20250920_20532456.tif;
img20250920_20532456_x1600_y5013_660.jpg;Княжая;0.9505;[[2209, 6769], [2476, 6837]];img20250920_20532456.tif;
img20250920_20532456_x1600_y5013_661.jpg;Ново-Малый;0.9422;[[2790, 6767], [3185, 6831]];img20250920_20532456.tif;
img20250920_20532456_x1600_y5013_662.jpg;Грибаново;0.91;[[3221, 6788], [3500, 6831]];img20250920_20532456.tif;
img20250920_20532456_x1600_y5013_663.jpg;Городец;0.8421;[[2868, 6820], [3097, 6877]];img20250920_20532456.tif;
img20250920_20532456_x1600_y5013_664.jpg;Форбачево;0.7193;[[2097, 6842], [2406, 6912]];img20250920_20532456.tif;
img20250920_20532456_x1600_y5013_665.jpg;Борыгино;0.9374;[[1706, 6858], [1989, 6933]];img20250920_20532456.tif;
img20250920_20532456_x1600_y5013_666.jpg;ТКлюкин;0.8744;[[3232, 6876], [3599, 6921]];img20250920_20532456.tif;
img20250920_20532456_x1600_y5013_667.jpg;Старцево;0.8098;[[2253, 6940], [2509, 6995]];img20250920_20532456.tif;
img20250920_20532456_x1600_y5013_668.jpg;Савкино;0.8079;[[1680, 6959], [1938, 7013]];img20250920_20532456.tif;
img20250920_20532456_x1600_y5013_669.jpg;Х-Бол.Городец;0.7505;[[2829, 6938], [3220, 7007]];img20250920_20532456.tif;
img20250920_20532456_x2962_y5013_670.jpg;ДЛЯ СЛУЖЕБИ;0.961;[[4498, 5192], [4960, 5262]];img20250920_20532456.tif;
img20250920_20532456_x2962_y5013_675.jpg;Состояние местности;0.988;[[4389, 5467], [4948, 5528]];img20250920_20532456.tif;
img20250920_20532456_x2962_y5013_679.jpg;18KM;0.954;[[3522, 5644], [3630, 5709]];img20250920_20532456.tif;
img20250920_20532456_x2962_y5013_680.jpg;Ильзна;0.7881;[[4572, 5671], [4765, 5729]];img20250920_20532456.tif;
img20250920_20532456_x2962_y5013_682.jpg;Прохоров 54км;0.9679;[[3823, 5678], [4148, 5750]];img20250920_20532456.tif;
img20250920_20532456_x2962_y5013_683.jpg;Ровное;0.933;[[3465, 5884], [3653, 5941]];img20250920_20532456.tif;
img20250920_20532456_x2962_y5013_684.jpg;Сорркино;0.8448;[[3880, 5876], [4125, 5939]];img20250920_20532456.tif;
img20250920_20532456_x2962_y5013_685.jpg;Пригон;0.791;[[4538, 5877], [4745, 5940]];img20250920_20532456.tif;
img20250920_20532456_x2962_y5013_686.jpg;кое;0.7096;[[2962, 5948], [3046, 5988]];img20250920_20532456.tif;
img20250920_20532456_x2962_y5013_687.jpg;Козюльки;0.9664;[[3196, 5977], [3439, 6036]];img20250920_20532456.tif;
img20250920_20532456_x2962_y5013_688.jpg;Иванцево;0.9617;[[3310, 6129], [3579, 6189]];img20250920_20532456.tif;
img20250920_20532456_x2962_y5013_689.jpg;Жиповик;0.7867;[[3776, 6194], [3986, 6242]];img20250920_20532456.tif;
img20250920_20532456_x2962_y5013_690.jpg;Разлоги;0.7118;[[4569, 6191], [4828, 6269]];img20250920_20532456.tif;
img20250920_20532456_x2962_y5013_691.jpg;Ильюшкинд;0.9339;[[3173, 6229], [3499, 6287]];img20250920_20532456.tif;
img20250920_20532456_x2962_y5013_692.jpg;Маl.-;0.7589;[[4691, 6269], [4879, 6336]];img20250920_20532456.tif;
img20250920_20532456_x2962_y5013_693.jpg;Замошье;0.9885;[[3015, 6386], [3267, 6442]];img20250920_20532456.tif;
img20250920_20532456_x2962_y5013_694.jpg;Рыбино;0.927;[[3360, 6387], [3579, 6445]];img20250920_20532456.tif;
img20250920_20532456_x2962_y5013_695.jpg;Ocmpue;0.9638;[[4093, 6413], [4328, 6475]];img20250920_20532456.tif;
img20250920_20532456_x2962_y5013_696.jpg;Чихачево;0.8191;[[4597, 6409], [4900, 6505]];img20250920_20532456.tif;
img20250920_20532456_x2962_y5013_697.jpg;Крылово;0.9706;[[3167, 6474], [3406, 6533]];img20250920_20532456.tif;
img20250920_20532456_x2962_y5013_698.jpg;Вяльцево;0.9747;[[4344, 6512], [4637, 6571]];img20250920_20532456.tif;
img20250920_20532456_x2962_y5013_699.jpg;Харитоново;0.9639;[[3672, 6516], [3965, 6585]];img20250920_20532456.tif;
img20250920_20532456_x2962_y5013_700.jpg;Каменка;0.9268;[[3001, 6551], [3220, 6593]];img20250920_20532456.tif;
img20250920_20532456_x2962_y5013_701.jpg;КБорок;0.6788;[[4017, 6538], [4204, 6599]];img20250920_20532456.tif;
img20250920_20532456_x2962_y5013_702.jpg;Артюшкино;0.9798;[[4129, 6604], [4533, 6671]];img20250920_20532456.tif;
img20250920_20532456_x2962_y5013_703.jpg;Гетерки;0.8769;[[4600, 6642], [4820, 6705]];img20250920_20532456.tif;
img20250920_20532456_x2962_y5013_705.jpg;Шурлово;0.7252;[[4234, 6721], [4517, 6782]];img20250920_20532456.tif;
img20250920_20532456_x2962_y5013_706.jpg;Боскино;0.9832;[[3639, 6898], [3879, 6971]];img20250920_20532456.tif;
img20250920_20532456_x2962_y5013_707.jpg;Комарниково;0.9749;[[4148, 6912], [4530, 6980]];img20250920_20532456.tif;
img20250920_20532456_x2962_y5013_708.jpg;Городищ;0.8273;[[4715, 6954], [4962, 7013]];img20250920_20532456.tif;
