filename;ocr_text;confidence;global_box;source_map
img20250920_20532456_x0_y0_0.jpg;Стех;0.6996;[[1867, 39], [1997, 28], [2000, 83], [1871, 94]];img20250920_20532456.tif
img20250920_20532456_x0_y0_1.jpg;Ягодино;0.9431;[[242, 67], [488, 67], [488, 112], [242, 112]];img20250920_20532456.tif
img20250920_20532456_x0_y0_2.jpg;Размесово;0.7396;[[730, 88], [1023, 88], [1023, 129], [730, 129]];img20250920_20532456.tif
img20250920_20532456_x0_y0_3.jpg;Крюково;0.9437;[[228, 123], [480, 130], [479, 176], [226, 168]];img20250920_20532456.tif
img20250920_20532456_x0_y0_5.jpg;Усадище;0.9638;[[780, 198], [1039, 203], [1038, 245], [779, 241]];img20250920_20532456.tif
img20250920_20532456_x0_y0_6.jpg;Харитоново;0.9391;[[1362, 206], [1694, 211], [1693, 263], [1362, 259]];img20250920_20532456.tif
img20250920_20532456_x0_y0_7.jpg;AI38;0.8155;[[584, 217], [693, 212], [695, 257], [586, 263]];img20250920_20532456.tif
img20250920_20532456_x0_y0_8.jpg;Ферцовд;0.7063;[[519, 261], [749, 258], [749, 296], [520, 300]];img20250920_20532456.tif
img20250920_20532456_x0_y0_9.jpg;(нежил.);0.989;[[1426, 253], [1677, 251], [1678, 308], [1427, 311]];img20250920_20532456.tif
img20250920_20532456_x0_y0_10.jpg;Захнд60;0.6279;[[239, 274], [458, 281], [457, 322], [238, 315]];img20250920_20532456.tif
img20250920_20532456_x0_y0_11.jpg;Свиномурфво;0.9141;[[912, 266], [1289, 264], [1289, 308], [912, 311]];img20250920_20532456.tif
img20250920_20532456_x0_y0_12.jpg;Сарельниково;0.9104;[[574, 333], [922, 333], [922, 370], [574, 370]];img20250920_20532456.tif
img20250920_20532456_x0_y0_13.jpg;Гришино;0.9255;[[368, 379], [606, 379], [606, 421], [368, 421]];img20250920_20532456.tif
img20250920_20532456_x0_y0_14.jpg;Новая;0.7109;[[1676, 375], [1874, 362], [1878, 420], [1680, 433]];img20250920_20532456.tif
img20250920_20532456_x0_y0_18.jpg;Пискуново (нежил.);0.9485;[[1376, 431], [1948, 413], [1950, 479], [1378, 497]];img20250920_20532456.tif
img20250920_20532456_x0_y0_19.jpg;Жабнино;0.8916;[[789, 484], [1018, 484], [1018, 529], [789, 529]];img20250920_20532456.tif
img20250920_20532456_x0_y0_20.jpg;ЄГлаз0во;0.8309;[[321, 506], [540, 510], [539, 549], [320, 544]];img20250920_20532456.tif
img20250920_20532456_x0_y0_21.jpg;Марково;0.6514;[[1488, 509], [1717, 511], [1716, 564], [1488, 561]];img20250920_20532456.tif
img20250920_20532456_x0_y0_22.jpg;Звягина;0.8714;[[805, 562], [1225, 553], [1226, 616], [806, 624]];img20250920_20532456.tif
img20250920_20532456_x0_y0_24.jpg;Селцваново;0.9488;[[1081, 604], [1427, 604], [1427, 656], [1081, 656]];img20250920_20532456.tif
img20250920_20532456_x0_y0_27.jpg;Селифаново;0.8997;[[473, 666], [800, 666], [800, 715], [473, 715]];img20250920_20532456.tif
img20250920_20532456_x0_y0_28.jpg;Кapy3a;0.6431;[[871, 662], [1084, 666], [1083, 726], [870, 722]];img20250920_20532456.tif
img20250920_20532456_x0_y0_29.jpg;Пане;0.6297;[[1833, 679], [2000, 679], [2000, 726], [1833, 726]];img20250920_20532456.tif
img20250920_20532456_x0_y0_30.jpg;Дорохово;0.93;[[249, 725], [486, 725], [486, 773], [249, 773]];img20250920_20532456.tif
img20250920_20532456_x0_y0_31.jpg;Дубленьково;0.8901;[[864, 722], [1199, 722], [1199, 777], [864, 777]];img20250920_20532456.tif
img20250920_20532456_x0_y0_32.jpg;Вылазово=;0.9147;[[1276, 734], [1661, 734], [1661, 782], [1276, 782]];img20250920_20532456.tif
img20250920_20532456_x0_y0_33.jpg;Скоморорсово;0.895;[[1559, 811], [1898, 806], [1898, 852], [1560, 856]];img20250920_20532456.tif
img20250920_20532456_x0_y0_34.jpg;Медведово;0.8418;[[935, 854], [1177, 858], [1176, 903], [934, 899]];img20250920_20532456.tif
img20250920_20532456_x0_y0_37.jpg;Баткодо;0.8567;[[980, 922], [1244, 929], [1243, 978], [978, 971]];img20250920_20532456.tif
img20250920_20532456_x0_y0_38.jpg;Лукино;0.861;[[1523, 923], [1754, 923], [1754, 976], [1523, 976]];img20250920_20532456.tif
img20250920_20532456_x0_y0_39.jpg;Лябино;0.9601;[[1389, 1021], [1620, 1028], [1619, 1080], [1388, 1073]];img20250920_20532456.tif
img20250920_20532456_x0_y0_41.jpg;оз.Баткаское;0.8414;[[952, 1038], [1340, 1040], [1340, 1085], [952, 1083]];img20250920_20532456.tif
img20250920_20532456_x0_y0_42.jpg;Буруны;0.7794;[[396, 1050], [634, 1046], [635, 1104], [397, 1107]];img20250920_20532456.tif
img20250920_20532456_x0_y0_43.jpg;Устиново;0.9314;[[987, 1130], [1331, 1135], [1330, 1184], [987, 1178]];img20250920_20532456.tif
img20250920_20532456_x0_y0_44.jpg;Крылово;0.9697;[[338, 1151], [600, 1148], [601, 1208], [339, 1212]];img20250920_20532456.tif
img20250920_20532456_x0_y0_45.jpg;Свистогузово;0.9489;[[1042, 1194], [1493, 1207], [1492, 1258], [1041, 1246]];img20250920_20532456.tif
img20250920_20532456_x0_y0_46.jpg;Бурюли;0.6555;[[550, 1280], [818, 1297], [813, 1372], [545, 1356]];img20250920_20532456.tif
img20250920_20532456_x0_y0_47.jpg;Дупли;0.7194;[[880, 1281], [1084, 1281], [1084, 1339], [880, 1339]];img20250920_20532456.tif
img20250920_20532456_x0_y0_48.jpg;Коношовка;0.9438;[[1348, 1328], [1689, 1333], [1688, 1371], [1348, 1367]];img20250920_20532456.tif
img20250920_20532456_x0_y0_50.jpg;о3.АлтУн;0.6245;[[1563, 1408], [1994, 1405], [1994, 1454], [1564, 1457]];img20250920_20532456.tif
img20250920_20532456_x0_y0_51.jpg;Брюхрво;0.8115;[[1034, 1427], [1288, 1433], [1287, 1471], [1033, 1465]];img20250920_20532456.tif
img20250920_20532456_x0_y0_52.jpg;Хохлы;0.9779;[[461, 1462], [682, 1469], [680, 1523], [459, 1516]];img20250920_20532456.tif
img20250920_20532456_x0_y0_53.jpg;Цецы;0.7899;[[805, 1483], [979, 1492], [976, 1546], [802, 1538]];img20250920_20532456.tif
img20250920_20532456_x0_y0_54.jpg;Козаны;0.9229;[[1007, 1506], [1243, 1519], [1240, 1568], [1004, 1556]];img20250920_20532456.tif
img20250920_20532456_x0_y0_55.jpg;Алтўн;0.7213;[[1275, 1511], [1504, 1519], [1502, 1567], [1274, 1559]];img20250920_20532456.tif
img20250920_20532456_x0_y0_56.jpg;Барашкино;0.9501;[[298, 1559], [611, 1562], [611, 1613], [297, 1611]];img20250920_20532456.tif
img20250920_20532456_x0_y0_58.jpg;Дежнево;0.8969;[[679, 1608], [939, 1611], [938, 1660], [678, 1657]];img20250920_20532456.tif
img20250920_20532456_x0_y0_59.jpg;Зддолж;0.8911;[[1746, 1653], [1998, 1655], [1998, 1701], [1746, 1698]];img20250920_20532456.tif
img20250920_20532456_x0_y0_60.jpg;не Горы 5 км;0.7583;[[158, 1695], [236, 1702], [209, 2000], [131, 1993]];img20250920_20532456.tif
img20250920_20532456_x0_y0_61.jpg;Литово;0.6358;[[1385, 1693], [1548, 1700], [1546, 1747], [1382, 1739]];img20250920_20532456.tif
img20250920_20532456_x0_y0_62.jpg;Бурлово;0.7147;[[285, 1761], [531, 1761], [531, 1832], [285, 1832]];img20250920_20532456.tif
img20250920_20532456_x0_y0_64.jpg;Сермолы;0.8964;[[638, 1823], [897, 1823], [897, 1871], [638, 1871]];img20250920_20532456.tif
img20250920_20532456_x0_y0_65.jpg;Седухино;0.8992;[[1370, 1864], [1667, 1868], [1666, 1917], [1370, 1912]];img20250920_20532456.tif
img20250920_20532456_x0_y0_66.jpg;ундрофка;0.7176;[[1031, 1888], [1266, 1891], [1266, 1930], [1030, 1926]];img20250920_20532456.tif
img20250920_20532456_x0_y0_67.jpg;Куялы(;0.7999;[[822, 1930], [1028, 1930], [1028, 1983], [822, 1983]];img20250920_20532456.tif
img20250920_20532456_x0_y0_68.jpg;нежири;0.6635;[[1031, 1927], [1254, 1935], [1253, 1976], [1030, 1968]];img20250920_20532456.tif
img20250920_20532456_x1600_y0_69.jpg;Новино;0.8758;[[1989, 4], [2180, 1], [2181, 53], [1990, 57]];img20250920_20532456.tif
img20250920_20532456_x1600_y0_70.jpg;Ковц;0.9574;[[3273, 15], [3478, 13], [3478, 69], [3274, 72]];img20250920_20532456.tif
img20250920_20532456_x1600_y0_71.jpg;Карпилово;0.9458;[[2895, 41], [3167, 46], [3166, 101], [2894, 96]];img20250920_20532456.tif
img20250920_20532456_x1600_y0_73.jpg;Корнышен;0.9598;[[3074, 132], [3419, 135], [3418, 191], [3074, 187]];img20250920_20532456.tif
img20250920_20532456_x1600_y0_74.jpg;Степаново;0.9812;[[2453, 142], [2722, 128], [2725, 173], [2455, 186]];img20250920_20532456.tif
img20250920_20532456_x1600_y0_75.jpg;Остров 45 нм;0.8818;[[1793, 175], [1863, 176], [1859, 444], [1788, 443]];img20250920_20532456.tif
img20250920_20532456_x1600_y0_76.jpg;Долгочи;0.9706;[[1879, 242], [2100, 233], [2102, 279], [1881, 288]];img20250920_20532456.tif
img20250920_20532456_x1600_y0_77.jpg;Пустошка;0.7423;[[2486, 255], [2799, 242], [2801, 298], [2489, 310]];img20250920_20532456.tif
img20250920_20532456_x1600_y0_79.jpg;Себрово;0.9726;[[2905, 279], [3171, 284], [3170, 358], [2904, 353]];img20250920_20532456.tif
img20250920_20532456_x1600_y0_80.jpg;Филко;0.9019;[[3417, 331], [3599, 324], [3600, 363], [3419, 370]];img20250920_20532456.tif
img20250920_20532456_x1600_y0_81.jpg;Никитино;0.6754;[[2707, 352], [3026, 352], [3026, 397], [2707, 397]];img20250920_20532456.tif
img20250920_20532456_x1600_y0_82.jpg;(Речево;0.7157;[[3097, 356], [3359, 356], [3359, 411], [3097, 411]];img20250920_20532456.tif
img20250920_20532456_x1600_y0_83.jpg;Ифаково;0.6305;[[2725, 408], [3121, 384], [3125, 457], [2729, 481]];img20250920_20532456.tif
img20250920_20532456_x1600_y0_84.jpg;Морозы;0.818;[[3016, 465], [3246, 465], [3246, 525], [3016, 525]];img20250920_20532456.tif
img20250920_20532456_x1600_y0_85.jpg;Попово;0.8729;[[2575, 494], [2756, 490], [2758, 536], [2577, 541]];img20250920_20532456.tif
img20250920_20532456_x1600_y0_87.jpg;Пфгорелово;0.8469;[[2776, 620], [3176, 611], [3177, 673], [2777, 682]];img20250920_20532456.tif
img20250920_20532456_x1600_y0_88.jpg;Вахрамеево;0.7742;[[1948, 631], [2317, 627], [2318, 678], [1948, 683]];img20250920_20532456.tif
img20250920_20532456_x1600_y0_90.jpg;Шараново;0.881;[[2195, 672], [2506, 662], [2508, 718], [2197, 728]];img20250920_20532456.tif
img20250920_20532456_x1600_y0_91.jpg;Деревицы;0.8702;[[2780, 693], [3159, 672], [3163, 748], [2784, 768]];img20250920_20532456.tif
img20250920_20532456_x1600_y0_93.jpg;Выбор;0.7154;[[3271, 735], [3469, 735], [3469, 821], [3271, 821]];img20250920_20532456.tif
img20250920_20532456_x1600_y0_94.jpg;Савино;0.7281;[[2149, 760], [2471, 766], [2470, 819], [2148, 812]];img20250920_20532456.tif
img20250920_20532456_x1600_y0_95.jpg;03.Pa3;0.8047;[[2463, 768], [2676, 765], [2677, 815], [2463, 819]];img20250920_20532456.tif
img20250920_20532456_x1600_y0_96.jpg;Щербихино;0.7541;[[1888, 811], [2213, 963], [2182, 1029], [1857, 877]];img20250920_20532456.tif
img20250920_20532456_x1600_y0_97.jpg;Стредкин;0.9821;[[2605, 853], [2978, 853], [2978, 911], [2605, 911]];img20250920_20532456.tif
img20250920_20532456_x1600_y0_98.jpg;Фатьяново;0.9084;[[3113, 853], [3575, 823], [3581, 910], [3119, 940]];img20250920_20532456.tif
img20250920_20532456_x1600_y0_99.jpg;Алолье;0.887;[[2278, 870], [2509, 870], [2509, 923], [2278, 923]];img20250920_20532456.tif
img20250920_20532456_x1600_y0_102.jpg;Басино;0.8378;[[2926, 1001], [3163, 1004], [3162, 1049], [2925, 1045]];img20250920_20532456.tif
img20250920_20532456_x1600_y0_103.jpg;Лужкрво;0.7734;[[2719, 1025], [3038, 1039], [3035, 1109], [2716, 1095]];img20250920_20532456.tif
img20250920_20532456_x1600_y0_104.jpg;Плещатица;0.8738;[[1855, 1053], [2198, 1053], [2198, 1099], [1855, 1099]];img20250920_20532456.tif
img20250920_20532456_x1600_y0_105.jpg;Paxi;0.9089;[[3406, 1046], [3583, 1040], [3585, 1097], [3408, 1103]];img20250920_20532456.tif
img20250920_20532456_x1600_y0_107.jpg;Копылово;0.923;[[2528, 1076], [2856, 1076], [2856, 1138], [2528, 1138]];img20250920_20532456.tif
img20250920_20532456_x1600_y0_108.jpg;Рогатино;0.7982;[[1986, 1165], [2300, 1171], [2299, 1223], [1985, 1217]];img20250920_20532456.tif
img20250920_20532456_x1600_y0_109.jpg;BuBka;0.6637;[[1957, 1262], [2155, 1271], [2153, 1331], [1954, 1323]];img20250920_20532456.tif
img20250920_20532456_x1600_y0_110.jpg;Клин;0.7436;[[2505, 1321], [2682, 1321], [2682, 1382], [2505, 1382]];img20250920_20532456.tif
img20250920_20532456_x1600_y0_114.jpg;Семенн;0.9212;[[3384, 1452], [3599, 1443], [3600, 1488], [3386, 1498]];img20250920_20532456.tif
img20250920_20532456_x1600_y0_115.jpg;Бол;0.9054;[[3104, 1496], [3225, 1501], [3222, 1557], [3101, 1552]];img20250920_20532456.tif
img20250920_20532456_x1600_y0_117.jpg;Кураново;0.708;[[2730, 1576], [3044, 1579], [3043, 1649], [2730, 1647]];img20250920_20532456.tif
img20250920_20532456_x1600_y0_118.jpg;Mah;0.9422;[[3437, 1571], [3583, 1561], [3586, 1612], [3440, 1622]];img20250920_20532456.tif
img20250920_20532456_x1600_y0_120.jpg;Елисеево;0.6778;[[3105, 1609], [3385, 1609], [3385, 1664], [3105, 1664]];img20250920_20532456.tif
img20250920_20532456_x1600_y0_121.jpg;Ягодино;0.9436;[[1857, 1777], [2124, 1777], [2124, 1827], [1857, 1827]];img20250920_20532456.tif
img20250920_20532456_x1600_y0_122.jpg;Размесово;0.7136;[[2387, 1794], [2709, 1794], [2709, 1843], [2387, 1843]];img20250920_20532456.tif
img20250920_20532456_x1600_y0_123.jpg;Крюково;0.9389;[[1834, 1836], [2121, 1844], [2119, 1896], [1832, 1888]];img20250920_20532456.tif
img20250920_20532456_x1600_y0_125.jpg;Усадище;0.9529;[[2435, 1913], [2727, 1924], [2725, 1972], [2433, 1961]];img20250920_20532456.tif
img20250920_20532456_x1600_y0_127.jpg;Харитоново;0.9406;[[3086, 1935], [3433, 1927], [3434, 1984], [3088, 1991]];img20250920_20532456.tif
img20250920_20532456_x2962_y0_128.jpg;Яковле;0.9591;[[4273, 0], [4334, 0], [4334, 232], [4273, 232]];img20250920_20532456.tif
img20250920_20532456_x2962_y0_129.jpg;090xl;0.6449;[[4395, 11], [4456, 12], [4451, 211], [4390, 210]];img20250920_20532456.tif
img20250920_20532456_x2962_y0_130.jpg;Себрово;0.9078;[[4848, 262], [4961, 268], [4944, 577], [4831, 571]];img20250920_20532456.tif
img20250920_20532456_x2962_y0_131.jpg;Тетерино;0.693;[[4288, 373], [4370, 373], [4372, 690], [4291, 691]];img20250920_20532456.tif
img20250920_20532456_x2962_y0_132.jpg;Бороносово;0.9384;[[4386, 597], [4455, 599], [4448, 944], [4379, 943]];img20250920_20532456.tif
img20250920_20532456_x2962_y0_133.jpg;Пустошка;0.6572;[[4769, 674], [4839, 677], [4825, 1030], [4756, 1027]];img20250920_20532456.tif
img20250920_20532456_x2962_y0_134.jpg;ónnmnd;0.6168;[[4125, 1101], [4196, 1101], [4198, 1365], [4128, 1366]];img20250920_20532456.tif
img20250920_20532456_x2962_y0_135.jpg;пинпиораф;0.6389;[[4011, 1335], [4060, 1336], [4056, 1635], [4006, 1635]];img20250920_20532456.tif
img20250920_20532456_x2962_y0_137.jpg;ohnuhu;0.6565;[[4243, 1418], [4288, 1420], [4279, 1665], [4234, 1663]];img20250920_20532456.tif
img20250920_20532456_x2962_y0_139.jpg;Остров 45 им;0.8851;[[4615, 1674], [4930, 1680], [4929, 1765], [4614, 1759]];img20250920_20532456.tif
img20250920_20532456_x0_y1600_140.jpg;Старбселье;0.9116;[[925, 1600], [1245, 1603], [1242, 1657], [922, 1637]];img20250920_20532456.tif
img20250920_20532456_x0_y1600_141.jpg;фоонхри;0.6251;[[1459, 1649], [1723, 1661], [1720, 1724], [1455, 1711]];img20250920_20532456.tif
img20250920_20532456_x0_y1600_142.jpg;HOBOPЖEB;0.7067;[[338, 1785], [687, 1776], [689, 1857], [340, 1867]];img20250920_20532456.tif
img20250920_20532456_x0_y1600_143.jpg;o90xo1g;0.7088;[[1017, 1806], [1262, 1816], [1259, 1872], [1014, 1861]];img20250920_20532456.tif
img20250920_20532456_x0_y1600_144.jpg;Манушкино;0.8708;[[1067, 1874], [1356, 1886], [1353, 1937], [1065, 1925]];img20250920_20532456.tif
img20250920_20532456_x0_y1600_145.jpg;Песчивицы;0.8255;[[144, 1939], [503, 1939], [503, 1997], [144, 1997]];img20250920_20532456.tif
img20250920_20532456_x0_y1600_146.jpg;cap.;0.9528;[[1507, 1955], [1605, 1955], [1605, 2000], [1507, 2000]];img20250920_20532456.tif
img20250920_20532456_x0_y1600_148.jpg;03.0pw;0.7745;[[462, 1991], [651, 1845], [700, 1910], [511, 2055]];img20250920_20532456.tif
img20250920_20532456_x0_y1600_150.jpg;ноштан;0.6242;[[517, 2091], [754, 2091], [754, 2143], [517, 2143]];img20250920_20532456.tif
img20250920_20532456_x0_y1600_151.jpg;nmnwk;0.6059;[[82, 2119], [320, 2128], [318, 2192], [80, 2184]];img20250920_20532456.tif
img20250920_20532456_x0_y1600_152.jpg;онпятон;0.6528;[[732, 2169], [1032, 2169], [1032, 2224], [732, 2224]];img20250920_20532456.tif
img20250920_20532456_x0_y1600_153.jpg;BopoHkoBa-;0.7445;[[992, 2272], [1300, 2272], [1300, 2335], [992, 2335]];img20250920_20532456.tif
img20250920_20532456_x0_y1600_155.jpg;Сухлово;0.6083;[[1220, 2335], [1609, 2355], [1605, 2439], [1215, 2418]];img20250920_20532456.tif
img20250920_20532456_x0_y1600_156.jpg;о9ой;0.6643;[[1888, 2394], [1998, 2390], [1999, 2427], [1889, 2431]];img20250920_20532456.tif
img20250920_20532456_x0_y1600_158.jpg;онпяжодо;0.6843;[[1621, 2585], [1947, 2581], [1948, 2650], [1622, 2655]];img20250920_20532456.tif
img20250920_20532456_x0_y1600_159.jpg;DHyomdO;0.6151;[[632, 2614], [726, 2372], [782, 2394], [688, 2636]];img20250920_20532456.tif
img20250920_20532456_x0_y1600_160.jpg;Доманово;0.8287;[[841, 2627], [1039, 2627], [1039, 2685], [841, 2685]];img20250920_20532456.tif
img20250920_20532456_x0_y1600_162.jpg;nnngddiw;0.6041;[[953, 2761], [1233, 2767], [1232, 2837], [951, 2831]];img20250920_20532456.tif
img20250920_20532456_x0_y1600_163.jpg;Тараскино;0.7897;[[1124, 2930], [1415, 2930], [1415, 2981], [1124, 2981]];img20250920_20532456.tif
img20250920_20532456_x0_y1600_164.jpg;Hmdm;0.7104;[[795, 3076], [1022, 3110], [1014, 3163], [787, 3129]];img20250920_20532456.tif
img20250920_20532456_x0_y1600_165.jpg;онпяти;0.7332;[[1509, 3220], [1811, 3216], [1812, 3271], [1510, 3276]];img20250920_20532456.tif
img20250920_20532456_x1600_y1600_166.jpg;Туровец;0.7249;[[2693, 1600], [2910, 1600], [2911, 1667], [2695, 1671]];img20250920_20532456.tif
img20250920_20532456_x1600_y1600_167.jpg;Огородниково;0.9141;[[1866, 1618], [2204, 1608], [2205, 1659], [1867, 1669]];img20250920_20532456.tif
img20250920_20532456_x1600_y1600_169.jpg;éль;0.8723;[[2538, 1687], [2602, 1681], [2606, 1728], [2541, 1733]];img20250920_20532456.tif
img20250920_20532456_x1600_y1600_170.jpg;Шикени;0.9298;[[1841, 1698], [2088, 1698], [2088, 1757], [1841, 1757]];img20250920_20532456.tif
img20250920_20532456_x1600_y1600_171.jpg;Дренино;0.8053;[[3100, 1702], [3309, 1689], [3312, 1734], [3103, 1747]];img20250920_20532456.tif
img20250920_20532456_x1600_y1600_173.jpg;coc-a;0.8133;[[2526, 1752], [2626, 1737], [2632, 1782], [2532, 1796]];img20250920_20532456.tif
img20250920_20532456_x1600_y1600_175.jpg;Кабаны;0.9667;[[2933, 1868], [3164, 1850], [3169, 1906], [2938, 1925]];img20250920_20532456.tif
img20250920_20532456_x1600_y1600_176.jpg;Кролино;0.9687;[[2079, 1880], [2308, 1878], [2309, 1930], [2079, 1933]];img20250920_20532456.tif
img20250920_20532456_x1600_y1600_177.jpg;Ольхи;0.9791;[[2666, 1889], [2849, 1875], [2853, 1932], [2671, 1946]];img20250920_20532456.tif
img20250920_20532456_x1600_y1600_178.jpg;Becka;0.7481;[[3217, 1897], [3450, 1897], [3450, 1958], [3217, 1958]];img20250920_20532456.tif
img20250920_20532456_x1600_y1600_179.jpg;ecmoBo;0.6153;[[1632, 1929], [1840, 1934], [1839, 1979], [1631, 1975]];img20250920_20532456.tif
img20250920_20532456_x1600_y1600_180.jpg;Звездовф;0.8255;[[2461, 1989], [2668, 1976], [2672, 2028], [2464, 2042]];img20250920_20532456.tif
img20250920_20532456_x1600_y1600_181.jpg;Руднево;0.7961;[[2832, 1982], [3020, 1970], [3024, 2024], [2835, 2036]];img20250920_20532456.tif
img20250920_20532456_x1600_y1600_182.jpg;илково;0.8499;[[1635, 2020], [1845, 2028], [1844, 2067], [1634, 2059]];img20250920_20532456.tif
img20250920_20532456_x1600_y1600_183.jpg;Биряево;0.8713;[[2694, 2044], [2887, 2034], [2889, 2084], [2697, 2095]];img20250920_20532456.tif
img20250920_20532456_x1600_y1600_184.jpg;Селюгинд;0.9564;[[1925, 2101], [2171, 2094], [2172, 2138], [1927, 2146]];img20250920_20532456.tif
img20250920_20532456_x1600_y1600_185.jpg;Снятницы;0.972;[[3237, 2105], [3579, 2081], [3582, 2122], [3240, 2146]];img20250920_20532456.tif
img20250920_20532456_x1600_y1600_186.jpg;Игнашево;0.8758;[[2071, 2166], [2329, 2157], [2330, 2208], [2073, 2217]];img20250920_20532456.tif
img20250920_20532456_x1600_y1600_187.jpg;Гридино;0.9139;[[2709, 2163], [2941, 2147], [2946, 2215], [2713, 2230]];img20250920_20532456.tif
img20250920_20532456_x1600_y1600_188.jpg;Паяшино;0.9787;[[1806, 2191], [2066, 2191], [2066, 2250], [1806, 2250]];img20250920_20532456.tif
img20250920_20532456_x1600_y1600_189.jpg;Дупли;0.6392;[[2306, 2190], [2485, 2180], [2489, 2240], [2309, 2250]];img20250920_20532456.tif
img20250920_20532456_x1600_y1600_190.jpg;Бол;0.8252;[[3512, 2195], [3600, 2189], [3600, 2238], [3516, 2244]];img20250920_20532456.tif
img20250920_20532456_x1600_y1600_191.jpg;Лентьево;0.894;[[3179, 2207], [3420, 2196], [3422, 2238], [3181, 2249]];img20250920_20532456.tif
img20250920_20532456_x1600_y1600_192.jpg;iob;0.644;[[3139, 2245], [3246, 2234], [3252, 2287], [3144, 2298]];img20250920_20532456.tif
img20250920_20532456_x1600_y1600_193.jpg;Денескино;0.7859;[[2671, 2259], [2963, 2243], [2966, 2296], [2673, 2312]];img20250920_20532456.tif
img20250920_20532456_x1600_y1600_194.jpg;Мотовило;0.8815;[[3316, 2307], [3600, 2287], [3600, 2343], [3319, 2362]];img20250920_20532456.tif
img20250920_20532456_x1600_y1600_195.jpg;Cunoвo;0.6087;[[2313, 2322], [2498, 2317], [2500, 2367], [2315, 2372]];img20250920_20532456.tif
img20250920_20532456_x1600_y1600_196.jpg;Лопатино;0.9376;[[2817, 2329], [3073, 2313], [3076, 2361], [2820, 2377]];img20250920_20532456.tif
img20250920_20532456_x1600_y1600_197.jpg;Байкинд;0.8301;[[1963, 2365], [2196, 2360], [2197, 2405], [1964, 2411]];img20250920_20532456.tif
img20250920_20532456_x1600_y1600_198.jpg;Разбегаево;0.9645;[[2286, 2371], [2564, 2362], [2565, 2413], [2288, 2422]];img20250920_20532456.tif
img20250920_20532456_x1600_y1600_199.jpg;Бороденки;0.9641;[[2922, 2398], [3207, 2382], [3210, 2442], [2925, 2458]];img20250920_20532456.tif
img20250920_20532456_x1600_y1600_200.jpg;удяево;0.8096;[[3251, 2429], [3432, 2412], [3436, 2459], [3255, 2475]];img20250920_20532456.tif
img20250920_20532456_x1600_y1600_201.jpg;Любо;0.8283;[[3456, 2437], [3600, 2431], [3600, 2485], [3459, 2492]];img20250920_20532456.tif
img20250920_20532456_x1600_y1600_202.jpg;Асень;0.7026;[[2706, 2451], [2850, 2451], [2850, 2502], [2706, 2502]];img20250920_20532456.tif
img20250920_20532456_x1600_y1600_203.jpg;Дробуши;0.9687;[[2324, 2475], [2537, 2463], [2539, 2513], [2327, 2524]];img20250920_20532456.tif
img20250920_20532456_x1600_y1600_204.jpg;Трубачево;0.9534;[[2409, 2510], [2692, 2499], [2695, 2567], [2411, 2578]];img20250920_20532456.tif
img20250920_20532456_x1600_y1600_205.jpg;Молчаново;0.9417;[[2028, 2530], [2284, 2515], [2286, 2556], [2030, 2571]];img20250920_20532456.tif
img20250920_20532456_x1600_y1600_206.jpg;Конохновр;0.8498;[[1951, 2604], [2214, 2591], [2215, 2629], [1953, 2641]];img20250920_20532456.tif
img20250920_20532456_x1600_y1600_208.jpg;Жугарха;0.6483;[[2997, 2623], [3251, 2611], [3253, 2664], [3000, 2675]];img20250920_20532456.tif
img20250920_20532456_x1600_y1600_210.jpg;Никулино;0.8166;[[2636, 2647], [2918, 2640], [2919, 2699], [2637, 2706]];img20250920_20532456.tif
img20250920_20532456_x1600_y1600_211.jpg;Кудро;0.8916;[[3418, 2640], [3598, 2628], [3600, 2694], [3422, 2705]];img20250920_20532456.tif
img20250920_20532456_x1600_y1600_212.jpg;Кренево;0.9025;[[1698, 2684], [1895, 2675], [1897, 2728], [1701, 2738]];img20250920_20532456.tif
img20250920_20532456_x1600_y1600_213.jpg;Подторкино;0.9081;[[2036, 2682], [2330, 2667], [2333, 2709], [2038, 2725]];img20250920_20532456.tif
img20250920_20532456_x1600_y1600_215.jpg;Клескалово;0.6831;[[3216, 2868], [3567, 2847], [3571, 2902], [3219, 2924]];img20250920_20532456.tif
img20250920_20532456_x1600_y1600_216.jpg;Трупехино;0.9652;[[1780, 2878], [2054, 2870], [2056, 2929], [1782, 2937]];img20250920_20532456.tif
img20250920_20532456_x1600_y1600_219.jpg;Закулижье;0.9085;[[1808, 3065], [2173, 3058], [2174, 3135], [1810, 3142]];img20250920_20532456.tif
img20250920_20532456_x1600_y1600_220.jpg;pymu;0.7732;[[3398, 3140], [3589, 3123], [3595, 3187], [3404, 3205]];img20250920_20532456.tif
img20250920_20532456_x1600_y1600_221.jpg;Усачевд;0.8723;[[2370, 3161], [2584, 3156], [2585, 3209], [2371, 3213]];img20250920_20532456.tif
img20250920_20532456_x1600_y1600_222.jpg;Залужье;0.9573;[[1932, 3179], [2193, 3168], [2196, 3224], [1934, 3236]];img20250920_20532456.tif
img20250920_20532456_x1600_y1600_223.jpg;Ругодево;0.6105;[[2805, 3186], [3033, 3179], [3035, 3239], [2807, 3246]];img20250920_20532456.tif
img20250920_20532456_x1600_y1600_224.jpg;Бруствино;0.7945;[[2693, 3251], [3034, 3247], [3035, 3312], [2694, 3317]];img20250920_20532456.tif
img20250920_20532456_x1600_y1600_225.jpg;Улитнино;0.8599;[[3134, 3260], [3429, 3258], [3430, 3303], [3135, 3305]];img20250920_20532456.tif
img20250920_20532456_x1600_y1600_226.jpg;Гблово;0.6963;[[2480, 3322], [2632, 3316], [2634, 3357], [2481, 3363]];img20250920_20532456.tif
img20250920_20532456_x1600_y1600_227.jpg;Дюбо;0.6762;[[3461, 3318], [3583, 3222], [3600, 3264], [3494, 3360]];img20250920_20532456.tif
img20250920_20532456_x1600_y1600_228.jpg;Усадище;0.9559;[[2907, 3373], [3213, 3369], [3214, 3421], [2908, 3426]];img20250920_20532456.tif
img20250920_20532456_x1600_y1600_229.jpg;Песчивкцы;0.8249;[[1999, 3392], [2337, 3389], [2337, 3441], [2000, 3444]];img20250920_20532456.tif
img20250920_20532456_x1600_y1600_230.jpg;Ботвцно;0.9183;[[2590, 3405], [2843, 3390], [2846, 3440], [2593, 3455]];img20250920_20532456.tif
img20250920_20532456_x1600_y1600_231.jpg;Стехново;0.9842;[[1687, 3451], [1899, 3449], [1900, 3502], [1687, 3504]];img20250920_20532456.tif
img20250920_20532456_x1600_y1600_232.jpg;Хахалево;0.9547;[[3326, 3456], [3599, 3458], [3599, 3499], [3326, 3497]];img20250920_20532456.tif
img20250920_20532456_x1600_y1600_233.jpg;Речки;0.6728;[[2769, 3499], [2951, 3493], [2952, 3542], [2770, 3548]];img20250920_20532456.tif
img20250920_20532456_x1600_y1600_234.jpg;Взгляды;0.9418;[[2226, 3521], [2447, 3521], [2447, 3571], [2226, 3571]];img20250920_20532456.tif
img20250920_20532456_x2962_y1600_244.jpg;cap;0.9511;[[3745, 2376], [3851, 2386], [3846, 2444], [3739, 2434]];img20250920_20532456.tif
img20250920_20532456_x2962_y1600_245.jpg;Станки;0.9617;[[3552, 2524], [3754, 2524], [3754, 2571], [3552, 2571]];img20250920_20532456.tif
img20250920_20532456_x2962_y1600_248.jpg;Жуково;0.7138;[[4266, 2586], [4445, 2586], [4445, 2639], [4266, 2639]];img20250920_20532456.tif
img20250920_20532456_x2962_y1600_249.jpg;Поддубно;0.9646;[[3610, 2602], [3835, 2600], [3835, 2660], [3611, 2663]];img20250920_20532456.tif
img20250920_20532456_x2962_y1600_250.jpg;Цухонское;0.8397;[[3172, 2625], [3461, 2625], [3461, 2693], [3172, 2693]];img20250920_20532456.tif
img20250920_20532456_x2962_y1600_251.jpg;Гридино;0.9305;[[4007, 2651], [4212, 2645], [4213, 2698], [4008, 2704]];img20250920_20532456.tif
img20250920_20532456_x2962_y1600_252.jpg;(нежил.);0.8464;[[3246, 2683], [3485, 2679], [3485, 2741], [3247, 2744]];img20250920_20532456.tif
img20250920_20532456_x2962_y1600_254.jpg;Складневф;0.7471;[[4364, 2694], [4610, 2685], [4612, 2732], [4365, 2741]];img20250920_20532456.tif
img20250920_20532456_x2962_y1600_255.jpg;нежил;0.8196;[[4048, 2710], [4227, 2710], [4227, 2756], [4048, 2756]];img20250920_20532456.tif
img20250920_20532456_x2962_y1600_257.jpg;Евсееха;0.6762;[[3312, 2755], [3505, 2755], [3505, 2801], [3312, 2801]];img20250920_20532456.tif
img20250920_20532456_x2962_y1600_258.jpg;Фопки;0.7491;[[4207, 2768], [4375, 2772], [4373, 2829], [4206, 2825]];img20250920_20532456.tif
img20250920_20532456_x2962_y1600_259.jpg;Фyино;0.6091;[[4513, 2771], [4714, 2765], [4716, 2825], [4515, 2831]];img20250920_20532456.tif
img20250920_20532456_x2962_y1600_260.jpg;(нежил.;0.9388;[[3313, 2802], [3531, 2802], [3531, 2858], [3313, 2858]];img20250920_20532456.tif
img20250920_20532456_x2962_y1600_261.jpg;Занеги;0.8835;[[3313, 2895], [3513, 2899], [3512, 2952], [3313, 2949]];img20250920_20532456.tif
img20250920_20532456_x2962_y1600_262.jpg;ЛЬНИКОВ0;0.6888;[[2994, 2916], [3230, 2916], [3230, 2953], [2994, 2953]];img20250920_20532456.tif
img20250920_20532456_x2962_y1600_263.jpg;Османов;0.6874;[[4727, 2979], [4962, 2979], [4962, 3027], [4727, 3027]];img20250920_20532456.tif
img20250920_20532456_x2962_y1600_264.jpg;Меженино;0.8503;[[4304, 3054], [4609, 3059], [4609, 3107], [4304, 3103]];img20250920_20532456.tif
img20250920_20532456_x2962_y1600_265.jpg;Подъелишево;0.8872;[[3356, 3077], [3679, 3074], [3680, 3116], [3356, 3119]];img20250920_20532456.tif
img20250920_20532456_x2962_y1600_266.jpg;Залужье;0.9468;[[3969, 3076], [4184, 3074], [4185, 3119], [3969, 3121]];img20250920_20532456.tif
img20250920_20532456_x2962_y1600_267.jpg;(нежил.);0.9219;[[3972, 3117], [4194, 3117], [4194, 3167], [3972, 3167]];img20250920_20532456.tif
img20250920_20532456_x2962_y1600_268.jpg;Огородниково;0.9013;[[3324, 3167], [3635, 3163], [3636, 3212], [3324, 3215]];img20250920_20532456.tif
img20250920_20532456_x2962_y1600_269.jpg;Туровец;0.7949;[[4130, 3197], [4352, 3197], [4352, 3260], [4130, 3260]];img20250920_20532456.tif
img20250920_20532456_x2962_y1600_270.jpg;Глухово;0.916;[[4529, 3208], [4748, 3205], [4748, 3246], [4530, 3249]];img20250920_20532456.tif
img20250920_20532456_x2962_y1600_271.jpg;Шикени;0.9482;[[3288, 3241], [3510, 3241], [3510, 3295], [3288, 3295]];img20250920_20532456.tif
img20250920_20532456_x2962_y1600_272.jpg;éль;0.796;[[3963, 3250], [4032, 3250], [4032, 3300], [3963, 3300]];img20250920_20532456.tif
img20250920_20532456_x2962_y1600_275.jpg;coc-a;0.934;[[3954, 3312], [4056, 3308], [4057, 3346], [3955, 3349]];img20250920_20532456.tif
img20250920_20532456_x2962_y1600_276.jpg;Дренино;0.7691;[[4525, 3312], [4744, 3305], [4746, 3358], [4527, 3365]];img20250920_20532456.tif
img20250920_20532456_x2962_y1600_279.jpg;Кролино;0.9531;[[3490, 3421], [3724, 3421], [3724, 3473], [3490, 3473]];img20250920_20532456.tif
img20250920_20532456_x2962_y1600_280.jpg;Ольхи;0.9785;[[4105, 3454], [4289, 3454], [4289, 3507], [4105, 3507]];img20250920_20532456.tif
img20250920_20532456_x2962_y1600_281.jpg;Кабаны;0.9679;[[4375, 3453], [4611, 3451], [4611, 3507], [4376, 3509]];img20250920_20532456.tif
img20250920_20532456_x2962_y1600_282.jpg;Becka;0.7575;[[4733, 3508], [4884, 3508], [4884, 3571], [4733, 3571]];img20250920_20532456.tif
img20250920_20532456_x2962_y1600_283.jpg;Звездовф;0.8626;[[3889, 3545], [4108, 3542], [4108, 3599], [3890, 3600]];img20250920_20532456.tif
img20250920_20532456_x2962_y1600_284.jpg;Вищенка;0.6802;[[3634, 3563], [3856, 3563], [3856, 3600], [3634, 3600]];img20250920_20532456.tif
img20250920_20532456_x2962_y1600_285.jpg;Риднево;0.7289;[[4273, 3561], [4464, 3566], [4463, 3600], [4272, 3600]];img20250920_20532456.tif
img20250920_20532456_x0_y3200_286.jpg;Старый Двор;0.9351;[[524, 3226], [975, 3224], [975, 3291], [524, 3293]];img20250920_20532456.tif
img20250920_20532456_x0_y3200_287.jpg;Зфстременье;0.9328;[[1317, 3220], [1726, 3224], [1725, 3286], [1316, 3281]];img20250920_20532456.tif
img20250920_20532456_x0_y3200_289.jpg;Продолжьё;0.8634;[[1268, 3365], [1598, 3367], [1598, 3426], [1268, 3424]];img20250920_20532456.tif
img20250920_20532456_x0_y3200_290.jpg;Cmen;0.7346;[[1797, 3356], [1991, 3362], [1990, 3412], [1796, 3406]];img20250920_20532456.tif
img20250920_20532456_x0_y3200_292.jpg;аболдтье;0.9303;[[0, 3396], [321, 3392], [322, 3438], [0, 3441]];img20250920_20532456.tif
img20250920_20532456_x0_y3200_293.jpg;Сброть;0.6879;[[712, 3414], [988, 3396], [992, 3451], [715, 3469]];img20250920_20532456.tif
img20250920_20532456_x0_y3200_295.jpg;Большое Кузино;0.9359;[[1056, 3428], [1574, 3434], [1573, 3496], [1055, 3489]];img20250920_20532456.tif
img20250920_20532456_x0_y3200_296.jpg;Плясани;0.946;[[420, 3454], [726, 3454], [726, 3509], [420, 3509]];img20250920_20532456.tif
img20250920_20532456_x0_y3200_297.jpg;Авинйщи;0.8836;[[1600, 3484], [1889, 3481], [1889, 3526], [1600, 3530]];img20250920_20532456.tif
img20250920_20532456_x0_y3200_298.jpg;Струга;0.8027;[[1006, 3512], [1247, 3512], [1247, 3583], [1006, 3583]];img20250920_20532456.tif
img20250920_20532456_x0_y3200_301.jpg;Мирослав;0.637;[[521, 3590], [880, 3599], [879, 3657], [520, 3648]];img20250920_20532456.tif
img20250920_20532456_x0_y3200_302.jpg;Иглино;0.6505;[[34, 3663], [231, 3669], [230, 3727], [32, 3721]];img20250920_20532456.tif
img20250920_20532456_x0_y3200_303.jpg;озТайловское;0.9567;[[807, 3687], [1229, 3693], [1228, 3745], [806, 3738]];img20250920_20532456.tif
img20250920_20532456_x0_y3200_304.jpg;Селецкое;0.9793;[[1511, 3761], [1814, 3764], [1813, 3822], [1511, 3820]];img20250920_20532456.tif
img20250920_20532456_x0_y3200_305.jpg;Тайлово;0.9515;[[984, 3806], [1280, 3806], [1280, 3869], [984, 3869]];img20250920_20532456.tif
img20250920_20532456_x0_y3200_306.jpg;Осиновик;0.827;[[1632, 3856], [1880, 3858], [1880, 3904], [1632, 3901]];img20250920_20532456.tif
img20250920_20532456_x0_y3200_307.jpg;Судеревье;0.8818;[[1575, 3924], [1831, 3926], [1830, 3986], [1574, 3984]];img20250920_20532456.tif
img20250920_20532456_x0_y3200_308.jpg;Крафное-;0.9127;[[59, 3957], [346, 3957], [346, 4017], [59, 4017]];img20250920_20532456.tif
img20250920_20532456_x0_y3200_309.jpg;Болфто;0.9131;[[78, 4020], [336, 4020], [336, 4069], [78, 4069]];img20250920_20532456.tif
img20250920_20532456_x0_y3200_310.jpg;Copom;0.9719;[[1734, 4074], [1917, 3952], [1955, 4010], [1772, 4131]];img20250920_20532456.tif
img20250920_20532456_x0_y3200_312.jpg;Лжун;0.644;[[1462, 4121], [1679, 4121], [1679, 4178], [1462, 4178]];img20250920_20532456.tif
img20250920_20532456_x0_y3200_314.jpg;Подлужье;0.971;[[894, 4400], [1207, 4405], [1206, 4467], [893, 4463]];img20250920_20532456.tif
img20250920_20532456_x0_y3200_315.jpg;Михалкино;0.8809;[[1436, 4408], [1693, 4412], [1692, 4464], [1435, 4461]];img20250920_20532456.tif
img20250920_20532456_x0_y3200_316.jpg;АПриветок;0.8565;[[271, 4440], [710, 4440], [710, 4502], [271, 4502]];img20250920_20532456.tif
img20250920_20532456_x0_y3200_318.jpg;ПищиноТимошкино;0.8825;[[674, 4520], [1496, 4539], [1494, 4618], [672, 4599]];img20250920_20532456.tif
img20250920_20532456_x0_y3200_319.jpg;Барута;0.9298;[[1584, 4602], [1775, 4602], [1775, 4668], [1584, 4668]];img20250920_20532456.tif
img20250920_20532456_x0_y3200_320.jpg;CyxapeBo;0.6814;[[1023, 4621], [1298, 4616], [1299, 4680], [1024, 4684]];img20250920_20532456.tif
img20250920_20532456_x0_y3200_321.jpg;Ханево;0.9487;[[609, 4705], [910, 4713], [908, 4780], [607, 4772]];img20250920_20532456.tif
img20250920_20532456_x0_y3200_322.jpg;Заборье;0.9436;[[1408, 4787], [1663, 4789], [1663, 4849], [1407, 4847]];img20250920_20532456.tif
img20250920_20532456_x0_y3200_324.jpg;Бод. Слобода;0.8444;[[5, 4894], [489, 4878], [492, 4953], [8, 4970]];img20250920_20532456.tif
img20250920_20532456_x0_y3200_325.jpg;Грирьково;0.8401;[[1657, 4904], [1950, 4894], [1952, 4949], [1659, 4960]];img20250920_20532456.tif
img20250920_20532456_x0_y3200_326.jpg;Заход;0.8574;[[1148, 4919], [1335, 4915], [1336, 4973], [1149, 4977]];img20250920_20532456.tif
img20250920_20532456_x0_y3200_327.jpg;Мыльнево;0.9671;[[720, 5099], [1049, 5099], [1049, 5148], [720, 5148]];img20250920_20532456.tif
img20250920_20532456_x0_y3200_328.jpg;Коростовец;0.9264;[[1411, 5096], [1874, 5109], [1872, 5174], [1409, 5161]];img20250920_20532456.tif
img20250920_20532456_x0_y3200_329.jpg;Слимово;0.8052;[[392, 5119], [641, 5117], [641, 5163], [392, 5165]];img20250920_20532456.tif
img20250920_20532456_x1600_y3200_330.jpg;Рылова;0.652;[[1736, 3200], [2009, 3200], [2009, 3246], [1736, 3249]];img20250920_20532456.tif
img20250920_20532456_x1600_y3200_331.jpg;Рюменец;0.9137;[[3038, 3201], [3286, 3203], [3285, 3266], [3037, 3263]];img20250920_20532456.tif
img20250920_20532456_x1600_y3200_332.jpg;Мясово;0.7803;[[2701, 3246], [2919, 3246], [2919, 3315], [2701, 3315]];img20250920_20532456.tif
img20250920_20532456_x1600_y3200_333.jpg;Зажигино;0.9499;[[2964, 3401], [3348, 3374], [3352, 3440], [2968, 3466]];img20250920_20532456.tif
img20250920_20532456_x1600_y3200_334.jpg;Яконово;0.6835;[[1844, 3458], [2092, 3461], [2091, 3525], [1843, 3521]];img20250920_20532456.tif
img20250920_20532456_x1600_y3200_336.jpg;Новины;0.7638;[[2785, 3551], [2988, 3541], [2991, 3599], [2788, 3609]];img20250920_20532456.tif
img20250920_20532456_x1600_y3200_337.jpg;Ompe3;0.7287;[[3104, 3564], [3296, 3564], [3296, 3620], [3104, 3620]];img20250920_20532456.tif
img20250920_20532456_x1600_y3200_338.jpg;Заборов;0.8963;[[3362, 3594], [3571, 3575], [3576, 3628], [3367, 3647]];img20250920_20532456.tif
img20250920_20532456_x1600_y3200_339.jpg;Никулино;0.749;[[2497, 3676], [2793, 3664], [2795, 3713], [2499, 3725]];img20250920_20532456.tif
img20250920_20532456_x1600_y3200_340.jpg;Исаково;0.9771;[[3095, 3757], [3344, 3748], [3345, 3797], [3097, 3806]];img20250920_20532456.tif
img20250920_20532456_x1600_y3200_341.jpg;Хвостовд;0.8497;[[1823, 3796], [2086, 3780], [2089, 3829], [1826, 3845]];img20250920_20532456.tif
img20250920_20532456_x1600_y3200_342.jpg;Тетерин;0.9183;[[2493, 3843], [2863, 3829], [2865, 3885], [2495, 3898]];img20250920_20532456.tif
img20250920_20532456_x1600_y3200_343.jpg;Кудеверь;0.8257;[[2197, 3882], [2413, 3875], [2414, 3916], [2199, 3923]];img20250920_20532456.tif
img20250920_20532456_x1600_y3200_345.jpg;Бол.Бакспи;0.7911;[[1739, 3953], [2011, 3939], [2013, 3978], [1741, 3992]];img20250920_20532456.tif
img20250920_20532456_x1600_y3200_346.jpg;Сушково;0.8857;[[2088, 3961], [2378, 3947], [2380, 4000], [2091, 4013]];img20250920_20532456.tif
img20250920_20532456_x1600_y3200_347.jpg;Селиваново;0.8789;[[2899, 3965], [3200, 3965], [3200, 4006], [2899, 4006]];img20250920_20532456.tif
img20250920_20532456_x1600_y3200_348.jpg;отовилово;0.9417;[[1600, 4052], [1868, 4039], [1870, 4071], [1601, 4084]];img20250920_20532456.tif
img20250920_20532456_x1600_y3200_349.jpg;Грибаново;0.9096;[[2716, 4071], [3136, 4077], [3135, 4137], [2715, 4130]];img20250920_20532456.tif
img20250920_20532456_x1600_y3200_350.jpg;Росстани;0.7224;[[2339, 4099], [2592, 4090], [2593, 4130], [2341, 4139]];img20250920_20532456.tif
img20250920_20532456_x1600_y3200_351.jpg;Полозово;0.9038;[[3200, 4090], [3466, 4082], [3467, 4134], [3202, 4142]];img20250920_20532456.tif
img20250920_20532456_x1600_y3200_352.jpg;Мал.;0.8146;[[2007, 4135], [2137, 4135], [2137, 4186], [2007, 4186]];img20250920_20532456.tif
img20250920_20532456_x1600_y3200_354.jpg;ЛюбовецА;0.9001;[[1682, 4170], [1993, 4170], [1993, 4214], [1682, 4214]];img20250920_20532456.tif
img20250920_20532456_x1600_y3200_355.jpg;Алешно;0.9339;[[2139, 4214], [2379, 4203], [2381, 4245], [2141, 4255]];img20250920_20532456.tif
img20250920_20532456_x1600_y3200_356.jpg;Суслово 2-е;0.8399;[[2612, 4210], [2940, 4198], [2941, 4240], [2613, 4252]];img20250920_20532456.tif
img20250920_20532456_x1600_y3200_357.jpg;Бол.;0.9038;[[2027, 4252], [2141, 4248], [2143, 4292], [2028, 4296]];img20250920_20532456.tif
img20250920_20532456_x1600_y3200_358.jpg;Подриглово;0.8994;[[2979, 4297], [3464, 4288], [3465, 4340], [2980, 4348]];img20250920_20532456.tif
img20250920_20532456_x1600_y3200_359.jpg;о3.Любавец;0.8371;[[1698, 4317], [1990, 4310], [1991, 4355], [1700, 4363]];img20250920_20532456.tif
img20250920_20532456_x1600_y3200_360.jpg;Заречые;0.7117;[[2377, 4342], [2570, 4334], [2572, 4392], [2379, 4399]];img20250920_20532456.tif
img20250920_20532456_x1600_y3200_362.jpg;Кудрово;0.9606;[[1602, 4350], [1835, 4355], [1834, 4404], [1601, 4399]];img20250920_20532456.tif
img20250920_20532456_x1600_y3200_365.jpg;Тетрово;0.694;[[1600, 4464], [1832, 4456], [1833, 4501], [1600, 4509]];img20250920_20532456.tif
img20250920_20532456_x1600_y3200_366.jpg;OBO;0.7451;[[1601, 4560], [1701, 4556], [1702, 4592], [1602, 4596]];img20250920_20532456.tif
img20250920_20532456_x1600_y3200_367.jpg;Бол.Иваново;0.9468;[[3126, 4582], [3565, 4585], [3564, 4638], [3126, 4634]];img20250920_20532456.tif
img20250920_20532456_x1600_y3200_368.jpg;Muxeevo;0.6632;[[1771, 4625], [1984, 4616], [1986, 4657], [1773, 4666]];img20250920_20532456.tif
img20250920_20532456_x1600_y3200_369.jpg;Акулов;0.9306;[[2354, 4625], [2603, 4615], [2606, 4674], [2357, 4685]];img20250920_20532456.tif
img20250920_20532456_x1600_y3200_370.jpg;Рефиетниково;0.9161;[[3026, 4655], [3424, 4657], [3423, 4701], [3025, 4699]];img20250920_20532456.tif
img20250920_20532456_x1600_y3200_371.jpg;Суслово 1-е;0.8241;[[2071, 4697], [2431, 4678], [2435, 4742], [2074, 4760]];img20250920_20532456.tif
img20250920_20532456_x1600_y3200_372.jpg;Кадочно;0.9633;[[2736, 4743], [2976, 4743], [2976, 4796], [2736, 4796]];img20250920_20532456.tif
img20250920_20532456_x1600_y3200_373.jpg;Малиновка;0.85;[[3196, 4839], [3575, 4845], [3574, 4897], [3195, 4890]];img20250920_20532456.tif
img20250920_20532456_x1600_y3200_374.jpg;Доманькино;0.9376;[[2368, 4863], [2729, 4857], [2730, 4911], [2369, 4917]];img20250920_20532456.tif
img20250920_20532456_x1600_y3200_375.jpg;Кириллфво;0.7498;[[2857, 4931], [3182, 4936], [3181, 4995], [2856, 4989]];img20250920_20532456.tif
img20250920_20532456_x1600_y3200_376.jpg;Старый Двор;0.9491;[[2300, 5049], [2718, 5038], [2719, 5104], [2302, 5115]];img20250920_20532456.tif
img20250920_20532456_x1600_y3200_377.jpg;Здстременье;0.9167;[[3062, 5044], [3472, 5055], [3471, 5115], [3060, 5104]];img20250920_20532456.tif
img20250920_20532456_x2962_y3200_380.jpg;HOBOPЖEB;0.8461;[[3387, 3533], [3989, 3525], [3991, 3640], [3388, 3648]];img20250920_20532456.tif
img20250920_20532456_x2962_y3200_384.jpg;0-35-XXIV;0.9392;[[3528, 3702], [3837, 3698], [3838, 3760], [3529, 3765]];img20250920_20532456.tif
img20250920_20532456_x2962_y3200_389.jpg;Лвенка;0.6866;[[4240, 3896], [4416, 3896], [4416, 3949], [4240, 3949]];img20250920_20532456.tif
img20250920_20532456_x2962_y3200_391.jpg;Мыльнево;0.956;[[3593, 4047], [3835, 4045], [3835, 4090], [3593, 4092]];img20250920_20532456.tif
img20250920_20532456_x2962_y3200_392.jpg;Покрфв;0.9207;[[4802, 4075], [4962, 4073], [4962, 4119], [4802, 4122]];img20250920_20532456.tif
img20250920_20532456_x2962_y3200_395.jpg;Сидоренец;0.6296;[[4288, 4190], [4524, 4190], [4524, 4235], [4288, 4235]];img20250920_20532456.tif
img20250920_20532456_x2962_y3200_396.jpg;Брыней;0.7422;[[4745, 4246], [4932, 4238], [4934, 4286], [4747, 4294]];img20250920_20532456.tif
img20250920_20532456_x2962_y3200_397.jpg;г.Душилиха;0.7899;[[3068, 4284], [3510, 4273], [3512, 4351], [3070, 4362]];img20250920_20532456.tif
img20250920_20532456_x2962_y3200_398.jpg;Цвень;0.8032;[[4479, 4320], [4689, 4317], [4690, 4377], [4480, 4381]];img20250920_20532456.tif
img20250920_20532456_x2962_y3200_400.jpg;Pyu;0.696;[[4806, 4403], [4934, 4398], [4937, 4464], [4809, 4469]];img20250920_20532456.tif
img20250920_20532456_x2962_y3200_401.jpg;Кднобрододо;0.8617;[[4177, 4420], [4466, 4411], [4468, 4467], [4179, 4476]];img20250920_20532456.tif
img20250920_20532456_x2962_y3200_402.jpg;Дубье;0.6028;[[4577, 4502], [4731, 4483], [4740, 4554], [4585, 4573]];img20250920_20532456.tif
img20250920_20532456_x2962_y3200_403.jpg;манбво;0.7501;[[2962, 4604], [3186, 4591], [3188, 4634], [2962, 4646]];img20250920_20532456.tif
img20250920_20532456_x2962_y3200_404.jpg;Сахинф;0.6419;[[3641, 4605], [3918, 4598], [3919, 4654], [3642, 4661]];img20250920_20532456.tif
img20250920_20532456_x2962_y3200_405.jpg;Улазово;0.9435;[[4621, 4623], [4815, 4615], [4817, 4665], [4623, 4673]];img20250920_20532456.tif
img20250920_20532456_x2962_y3200_406.jpg;Вичиково;0.6852;[[3179, 4653], [3465, 4649], [3465, 4699], [3179, 4702]];img20250920_20532456.tif
img20250920_20532456_x2962_y3200_407.jpg;Ескино;0.6806;[[4776, 4696], [4956, 4686], [4959, 4733], [4778, 4742]];img20250920_20532456.tif
img20250920_20532456_x2962_y3200_408.jpg;Дудкино;0.8782;[[3637, 4706], [3883, 4696], [3885, 4756], [3639, 4765]];img20250920_20532456.tif
img20250920_20532456_x2962_y3200_409.jpg;Рылово;0.6123;[[3297, 4727], [3563, 4727], [3563, 4787], [3297, 4787]];img20250920_20532456.tif
img20250920_20532456_x2962_y3200_410.jpg;Рюменец;0.9156;[[4491, 4737], [4725, 4737], [4725, 4783], [4491, 4783]];img20250920_20532456.tif
img20250920_20532456_x2962_y3200_412.jpg;Мясово;0.8454;[[4163, 4768], [4374, 4763], [4376, 4819], [4164, 4823]];img20250920_20532456.tif
img20250920_20532456_x2962_y3200_413.jpg;Эдорье;0.791;[[3832, 4817], [4072, 4805], [4075, 4868], [3835, 4880]];img20250920_20532456.tif
img20250920_20532456_x2962_y3200_415.jpg;Зажигино;0.9573;[[4420, 4886], [4745, 4881], [4745, 4933], [4421, 4937]];img20250920_20532456.tif
img20250920_20532456_x2962_y3200_416.jpg;КОНОВО;0.6617;[[3368, 4920], [3556, 4923], [3555, 4962], [3367, 4959]];img20250920_20532456.tif
img20250920_20532456_x2962_y3200_418.jpg;Новины;0.8103;[[4172, 5025], [4433, 5015], [4435, 5064], [4174, 5075]];img20250920_20532456.tif
img20250920_20532456_x2962_y3200_419.jpg;Ompe3;0.792;[[4547, 5041], [4713, 5045], [4712, 5094], [4546, 5091]];img20250920_20532456.tif
img20250920_20532456_x2962_y3200_420.jpg;ecka;0.7555;[[2962, 5082], [3063, 5082], [3063, 5122], [2962, 5122]];img20250920_20532456.tif
img20250920_20532456_x2962_y3200_421.jpg;Кашиха;0.6472;[[3621, 5075], [3865, 5075], [3865, 5123], [3621, 5123]];img20250920_20532456.tif
img20250920_20532456_x2962_y3200_422.jpg;Заборов;0.9016;[[4779, 5087], [4962, 5085], [4962, 5133], [4780, 5136]];img20250920_20532456.tif
img20250920_20532456_x2962_y3200_423.jpg;Никулино;0.7972;[[3932, 5138], [4236, 5133], [4236, 5192], [3933, 5196]];img20250920_20532456.tif
img20250920_20532456_x0_y4800_424.jpg;и дроачево;0.8415;[[571, 4800], [854, 4801], [854, 4835], [570, 4833]];img20250920_20532456.tif
img20250920_20532456_x0_y4800_425.jpg;Борыгино;0.9287;[[135, 4814], [444, 4829], [440, 4904], [131, 4889]];img20250920_20532456.tif
img20250920_20532456_x0_y4800_426.jpg;Клюкино;0.9336;[[1654, 4827], [1997, 4810], [2000, 4863], [1657, 4879]];img20250920_20532456.tif
img20250920_20532456_x0_y4800_427.jpg;Старцево;0.8114;[[705, 4885], [945, 4881], [946, 4923], [706, 4926]];img20250920_20532456.tif
img20250920_20532456_x0_y4800_428.jpg;-Бол.Городец;0.7297;[[1228, 4892], [1581, 4892], [1581, 4933], [1228, 4933]];img20250920_20532456.tif
img20250920_20532456_x0_y4800_429.jpg;Савкино;0.7603;[[107, 4924], [387, 4931], [385, 4994], [105, 4987]];img20250920_20532456.tif
img20250920_20532456_x0_y4800_430.jpg;Смородовна;0.9332;[[1615, 4949], [1948, 4932], [1951, 4989], [1618, 5005]];img20250920_20532456.tif
img20250920_20532456_x0_y4800_431.jpg;ocm.n;0.7565;[[1846, 4991], [1987, 4980], [1990, 5016], [1849, 5028]];img20250920_20532456.tif
img20250920_20532456_x0_y4800_432.jpg;LUHO;0.7858;[[0, 5029], [139, 5025], [140, 5069], [0, 5072]];img20250920_20532456.tif
img20250920_20532456_x0_y4800_437.jpg;Озерцы;0.9122;[[1655, 5064], [1863, 5062], [1864, 5114], [1656, 5117]];img20250920_20532456.tif
img20250920_20532456_x0_y4800_438.jpg;Заборье;0.8577;[[1384, 5207], [1580, 5207], [1580, 5249], [1384, 5249]];img20250920_20532456.tif
img20250920_20532456_x0_y4800_439.jpg;Симануха;0.7756;[[1032, 5230], [1330, 5225], [1331, 5267], [1033, 5271]];img20250920_20532456.tif
img20250920_20532456_x0_y4800_441.jpg;Заханье;0.9114;[[385, 5268], [653, 5260], [655, 5316], [386, 5324]];img20250920_20532456.tif
img20250920_20532456_x0_y4800_442.jpg;Ломы;0.8682;[[1805, 5312], [1948, 5305], [1950, 5346], [1807, 5353]];img20250920_20532456.tif
img20250920_20532456_x0_y4800_443.jpg;Палкино;0.952;[[126, 5347], [395, 5347], [395, 5400], [126, 5400]];img20250920_20532456.tif
img20250920_20532456_x0_y4800_444.jpg;Гущино;0.6329;[[1552, 5342], [1773, 5333], [1775, 5371], [1554, 5380]];img20250920_20532456.tif
img20250920_20532456_x0_y4800_445.jpg;Филедкд;0.8578;[[1438, 5384], [1669, 5376], [1671, 5418], [1439, 5425]];img20250920_20532456.tif
img20250920_20532456_x0_y4800_446.jpg;Ашево;0.6861;[[644, 5390], [784, 5390], [784, 5441], [644, 5441]];img20250920_20532456.tif
img20250920_20532456_x0_y4800_447.jpg;Камепка;0.7954;[[1069, 5388], [1385, 5380], [1386, 5432], [1070, 5439]];img20250920_20532456.tif
img20250920_20532456_x0_y4800_448.jpg;Клескино;0.6724;[[1723, 5445], [1992, 5429], [1995, 5470], [1725, 5486]];img20250920_20532456.tif
img20250920_20532456_x0_y4800_449.jpg;Бол;0.6716;[[282, 5489], [394, 5484], [396, 5533], [284, 5539]];img20250920_20532456.tif
img20250920_20532456_x0_y4800_450.jpg;Гбрлово;0.8333;[[1093, 5558], [1307, 5553], [1308, 5591], [1094, 5597]];img20250920_20532456.tif
img20250920_20532456_x0_y4800_451.jpg;-Гагрино;0.8597;[[437, 5599], [694, 5589], [696, 5631], [439, 5641]];img20250920_20532456.tif
img20250920_20532456_x0_y4800_453.jpg;Мал.;0.7157;[[277, 5650], [423, 5645], [425, 5701], [279, 5706]];img20250920_20532456.tif
img20250920_20532456_x0_y4800_455.jpg;opa;0.9896;[[1542, 5679], [1620, 5674], [1623, 5717], [1544, 5721]];img20250920_20532456.tif
img20250920_20532456_x0_y4800_456.jpg;Ивахново;0.9075;[[14, 5708], [324, 5704], [325, 5756], [15, 5761]];img20250920_20532456.tif
img20250920_20532456_x0_y4800_457.jpg;Косткодо;0.9164;[[910, 5707], [1184, 5700], [1185, 5745], [911, 5752]];img20250920_20532456.tif
img20250920_20532456_x0_y4800_458.jpg;Рабочий;0.9221;[[1729, 5752], [1952, 5731], [1956, 5777], [1733, 5797]];img20250920_20532456.tif
img20250920_20532456_x0_y4800_459.jpg;Завещевье;0.9243;[[262, 5816], [562, 5809], [563, 5857], [263, 5865]];img20250920_20532456.tif
img20250920_20532456_x0_y4800_460.jpg;Поселос;0.731;[[1740, 5814], [1973, 5793], [1976, 5832], [1744, 5854]];img20250920_20532456.tif
img20250920_20532456_x0_y4800_461.jpg;Феdово;0.6289;[[1256, 5828], [1442, 5818], [1444, 5857], [1258, 5867]];img20250920_20532456.tif
img20250920_20532456_x0_y4800_462.jpg;Офикоды;0.6528;[[1646, 5901], [1879, 5876], [1883, 5916], [1650, 5940]];img20250920_20532456.tif
img20250920_20532456_x0_y4800_463.jpg;лкинское;0.7226;[[0, 5991], [253, 5975], [255, 6010], [0, 6026]];img20250920_20532456.tif
img20250920_20532456_x0_y4800_464.jpg;Подсосонье;0.928;[[1236, 6053], [1562, 6034], [1564, 6082], [1239, 6101]];img20250920_20532456.tif
img20250920_20532456_x0_y4800_465.jpg;Сапрыгино;0.9484;[[1070, 6112], [1297, 6108], [1298, 6154], [1071, 6157]];img20250920_20532456.tif
img20250920_20532456_x0_y4800_467.jpg;Падлооо;0.7501;[[1685, 6136], [1932, 6123], [1934, 6169], [1687, 6183]];img20250920_20532456.tif
img20250920_20532456_x0_y4800_468.jpg;Липовец-;0.7693;[[646, 6190], [920, 6175], [922, 6218], [648, 6232]];img20250920_20532456.tif
img20250920_20532456_x0_y4800_469.jpg;Завещенский;0.8969;[[592, 6236], [983, 6212], [986, 6249], [594, 6274]];img20250920_20532456.tif
img20250920_20532456_x0_y4800_470.jpg;Лифаново;0.8692;[[1250, 6322], [1554, 6308], [1556, 6354], [1252, 6367]];img20250920_20532456.tif
img20250920_20532456_x0_y4800_471.jpg;Залешье;0.9888;[[198, 6337], [444, 6328], [446, 6377], [200, 6386]];img20250920_20532456.tif
img20250920_20532456_x0_y4800_472.jpg;Игнащево;0.8832;[[812, 6346], [1106, 6335], [1107, 6379], [814, 6390]];img20250920_20532456.tif
img20250920_20532456_x0_y4800_474.jpg;Старополье;0.9815;[[154, 6555], [459, 6538], [461, 6580], [156, 6596]];img20250920_20532456.tif
img20250920_20532456_x0_y4800_475.jpg;Макарино;0.6881;[[703, 6634], [1007, 6630], [1007, 6675], [704, 6678]];img20250920_20532456.tif
img20250920_20532456_x0_y4800_476.jpg;Оренцево;0.9118;[[0, 6703], [271, 6669], [277, 6716], [3, 6749]];img20250920_20532456.tif
img20250920_20532456_x1600_y4800_477.jpg;лонооа;0.8821;[[2543, 4805], [2710, 4805], [2710, 4822], [2543, 4822]];img20250920_20532456.tif
img20250920_20532456_x1600_y4800_478.jpg;Борок;0.7811;[[2797, 4805], [2968, 4807], [2967, 4869], [2796, 4866]];img20250920_20532456.tif
img20250920_20532456_x1600_y4800_479.jpg;Вяльцево;0.9772;[[3097, 4800], [3363, 4807], [3361, 4856], [3095, 4845]];img20250920_20532456.tif
img20250920_20532456_x1600_y4800_480.jpg;Артюшкино;0.978;[[2884, 4874], [3270, 4890], [3268, 4953], [2881, 4936]];img20250920_20532456.tif
img20250920_20532456_x1600_y4800_481.jpg;етерки;0.8607;[[3335, 4942], [3541, 4948], [3539, 5001], [3333, 4995]];img20250920_20532456.tif
img20250920_20532456_x1600_y4800_482.jpg;Топорово;0.7257;[[2499, 4995], [2749, 4995], [2749, 5050], [2499, 5050]];img20250920_20532456.tif
img20250920_20532456_x1600_y4800_483.jpg;Шурлово;0.7945;[[3040, 5005], [3252, 5012], [3250, 5069], [3038, 5062]];img20250920_20532456.tif
img20250920_20532456_x1600_y4800_485.jpg;Боскино;0.9864;[[2364, 5159], [2609, 5153], [2610, 5210], [2365, 5216]];img20250920_20532456.tif
img20250920_20532456_x1600_y4800_487.jpg;Комарниково;0.9869;[[2888, 5212], [3257, 5215], [3257, 5274], [2887, 5271]];img20250920_20532456.tif
img20250920_20532456_x1600_y4800_488.jpg;Тороди;0.7294;[[3434, 5253], [3599, 5253], [3599, 5315], [3434, 5315]];img20250920_20532456.tif
img20250920_20532456_x1600_y4800_489.jpg;Подлесье;0.9407;[[3341, 5302], [3600, 5302], [3600, 5357], [3341, 5357]];img20250920_20532456.tif
img20250920_20532456_x1600_y4800_490.jpg;Половиково;0.9285;[[2850, 5326], [3174, 5326], [3174, 5379], [2850, 5379]];img20250920_20532456.tif
img20250920_20532456_x1600_y4800_491.jpg;Забор;0.654;[[1925, 5343], [2102, 5347], [2101, 5417], [1923, 5413]];img20250920_20532456.tif
img20250920_20532456_x1600_y4800_492.jpg;Валтухово;0.922;[[2303, 5337], [2636, 5330], [2638, 5389], [2304, 5396]];img20250920_20532456.tif
img20250920_20532456_x1600_y4800_493.jpg;Вакюково;0.7529;[[2724, 5367], [2967, 5372], [2966, 5421], [2723, 5417]];img20250920_20532456.tif
img20250920_20532456_x1600_y4800_495.jpg;ИлЛфрионовсн;0.9039;[[3227, 5397], [3600, 5391], [3600, 5447], [3228, 5452]];img20250920_20532456.tif
img20250920_20532456_x1600_y4800_496.jpg;Тихвино;0.888;[[2367, 5444], [2629, 5435], [2631, 5502], [2369, 5510]];img20250920_20532456.tif
img20250920_20532456_x1600_y4800_497.jpg;Велейно;0.9698;[[3020, 5494], [3256, 5491], [3256, 5552], [3021, 5554]];img20250920_20532456.tif
img20250920_20532456_x1600_y4800_498.jpg;Маютино;0.8409;[[3313, 5495], [3599, 5484], [3600, 5539], [3315, 5551]];img20250920_20532456.tif
img20250920_20532456_x1600_y4800_499.jpg;Кривая Береза;0.9162;[[1979, 5565], [2375, 5549], [2378, 5619], [1982, 5634]];img20250920_20532456.tif
img20250920_20532456_x1600_y4800_500.jpg;Коскинички;0.9165;[[2901, 5559], [3261, 5559], [3261, 5611], [2901, 5611]];img20250920_20532456.tif
img20250920_20532456_x1600_y4800_501.jpg;Ублиска;0.8526;[[2473, 5601], [2658, 5595], [2660, 5656], [2475, 5662]];img20250920_20532456.tif
img20250920_20532456_x1600_y4800_502.jpg;Копенкино;0.9682;[[2113, 5695], [2440, 5683], [2442, 5742], [2114, 5753]];img20250920_20532456.tif
img20250920_20532456_x1600_y4800_503.jpg;Удачино;0.8598;[[1837, 5728], [2089, 5728], [2089, 5785], [1837, 5785]];img20250920_20532456.tif
img20250920_20532456_x1600_y4800_504.jpg;Бабин;0.8273;[[3185, 5753], [3381, 5741], [3384, 5797], [3189, 5809]];img20250920_20532456.tif
img20250920_20532456_x1600_y4800_505.jpg;Кузнецовb;0.7403;[[2425, 5809], [2727, 5792], [2731, 5858], [2428, 5876]];img20250920_20532456.tif
img20250920_20532456_x1600_y4800_506.jpg;Фрловд;0.8977;[[1709, 5848], [1911, 5837], [1914, 5898], [1713, 5909]];img20250920_20532456.tif
img20250920_20532456_x1600_y4800_507.jpg;Астици;0.7467;[[2051, 5846], [2335, 5846], [2335, 5898], [2051, 5898]];img20250920_20532456.tif
img20250920_20532456_x1600_y4800_508.jpg;Душилиха;0.8992;[[2896, 5854], [3223, 5842], [3225, 5894], [2898, 5906]];img20250920_20532456.tif
img20250920_20532456_x1600_y4800_509.jpg;Hротово;0.7445;[[3324, 5888], [3576, 5876], [3579, 5929], [3327, 5942]];img20250920_20532456.tif
img20250920_20532456_x1600_y4800_510.jpg;Оклад;0.833;[[2692, 5918], [2893, 5916], [2894, 5972], [2692, 5975]];img20250920_20532456.tif
img20250920_20532456_x1600_y4800_511.jpg;Алексино;0.9512;[[2688, 6026], [2965, 6016], [2966, 6062], [2690, 6072]];img20250920_20532456.tif
img20250920_20532456_x1600_y4800_512.jpg;Дремлено;0.9457;[[3189, 6020], [3509, 6009], [3511, 6079], [3191, 6090]];img20250920_20532456.tif
img20250920_20532456_x1600_y4800_514.jpg;сткрво 2-е;0.7667;[[1600, 6126], [1924, 6122], [1925, 6181], [1600, 6184]];img20250920_20532456.tif
img20250920_20532456_x1600_y4800_515.jpg;Костолом;0.9086;[[3116, 6156], [3422, 6142], [3424, 6190], [3119, 6205]];img20250920_20532456.tif
img20250920_20532456_x1600_y4800_516.jpg;Кашелиха;0.9395;[[2281, 6184], [2560, 6184], [2560, 6232], [2281, 6232]];img20250920_20532456.tif
img20250920_20532456_x1600_y4800_517.jpg;Хаби;0.7146;[[3465, 6255], [3597, 6247], [3600, 6305], [3468, 6313]];img20250920_20532456.tif
img20250920_20532456_x1600_y4800_518.jpg;Сумароково;0.8451;[[2993, 6276], [3344, 6257], [3347, 6319], [2996, 6338]];img20250920_20532456.tif
img20250920_20532456_x1600_y4800_519.jpg;Грива;0.6228;[[1877, 6311], [2074, 6299], [2079, 6375], [1882, 6388]];img20250920_20532456.tif
img20250920_20532456_x1600_y4800_520.jpg;Мостки;0.8335;[[2344, 6304], [2603, 6304], [2603, 6359], [2344, 6359]];img20250920_20532456.tif
img20250920_20532456_x1600_y4800_521.jpg;Пентешкино;0.9455;[[2140, 6347], [2550, 6347], [2550, 6402], [2140, 6402]];img20250920_20532456.tif
img20250920_20532456_x1600_y4800_523.jpg;Пуковищи;0.7569;[[1708, 6371], [1999, 6371], [1999, 6427], [1708, 6427]];img20250920_20532456.tif
img20250920_20532456_x1600_y4800_524.jpg;Зфболот;0.9015;[[3350, 6365], [3594, 6351], [3597, 6396], [3353, 6411]];img20250920_20532456.tif
img20250920_20532456_x1600_y4800_529.jpg;Райская;0.9277;[[2152, 6464], [2418, 6471], [2417, 6527], [2151, 6520]];img20250920_20532456.tif
img20250920_20532456_x1600_y4800_530.jpg;Мал.Городец.;0.8737;[[2927, 6480], [3303, 6471], [3304, 6523], [2928, 6532]];img20250920_20532456.tif
img20250920_20532456_x1600_y4800_532.jpg;Рябкино;0.9119;[[1848, 6496], [2111, 6499], [2111, 6558], [1848, 6556]];img20250920_20532456.tif
img20250920_20532456_x1600_y4800_535.jpg;Княжая;0.9521;[[2407, 6574], [2672, 6572], [2673, 6625], [2408, 6628]];img20250920_20532456.tif
img20250920_20532456_x1600_y4800_536.jpg;Ново-Малый;0.957;[[2966, 6565], [3339, 6548], [3342, 6600], [2969, 6616]];img20250920_20532456.tif
img20250920_20532456_x1600_y4800_537.jpg;Грибанов;0.9053;[[3372, 6577], [3597, 6562], [3600, 6598], [3375, 6612]];img20250920_20532456.tif
img20250920_20532456_x1600_y4800_538.jpg;Фородец;0.8196;[[3034, 6607], [3256, 6600], [3258, 6653], [3036, 6660]];img20250920_20532456.tif
img20250920_20532456_x1600_y4800_539.jpg;Форбачево;0.7449;[[2294, 6649], [2600, 6646], [2600, 6704], [2295, 6707]];img20250920_20532456.tif
img20250920_20532456_x1600_y4800_540.jpg;ТКлюн;0.7847;[[3369, 6657], [3600, 6642], [3600, 6687], [3372, 6702]];img20250920_20532456.tif
img20250920_20532456_x1600_y4800_541.jpg;Борыгино;0.9392;[[1883, 6683], [2184, 6688], [2183, 6747], [1882, 6741]];img20250920_20532456.tif
img20250920_20532456_x1600_y4800_542.jpg;Старцево;0.8215;[[2441, 6734], [2693, 6730], [2694, 6782], [2441, 6785]];img20250920_20532456.tif
img20250920_20532456_x1600_y4800_543.jpg;-Бол.Городец;0.7247;[[2995, 6735], [3351, 6713], [3354, 6759], [2998, 6781]];img20250920_20532456.tif
img20250920_20532456_x1600_y4800_544.jpg;Смородо;0.9079;[[3381, 6763], [3599, 6749], [3600, 6795], [3384, 6800]];img20250920_20532456.tif
img20250920_20532456_x2962_y4800_545.jpg;ДЛЯ;0.9701;[[4807, 4983], [4962, 4978], [4962, 5053], [4810, 5059]];img20250920_20532456.tif
img20250920_20532456_x2962_y4800_550.jpg;Состояние;0.9858;[[4684, 5268], [4962, 5261], [4962, 5328], [4686, 5335]];img20250920_20532456.tif
img20250920_20532456_x2962_y4800_555.jpg;18KM;0.9412;[[3820, 5448], [3919, 5448], [3919, 5503], [3820, 5503]];img20250920_20532456.tif
img20250920_20532456_x2962_y4800_557.jpg;Прохоров 54км;0.9311;[[4108, 5490], [4428, 5487], [4429, 5554], [4109, 5556]];img20250920_20532456.tif
img20250920_20532456_x2962_y4800_558.jpg;Иль;0.8781;[[4840, 5485], [4952, 5485], [4952, 5539], [4840, 5539]];img20250920_20532456.tif
img20250920_20532456_x2962_y4800_560.jpg;Ровное;0.9276;[[3750, 5678], [3934, 5681], [3933, 5735], [3749, 5731]];img20250920_20532456.tif
img20250920_20532456_x2962_y4800_561.jpg;Сорркино;0.7749;[[4137, 5677], [4389, 5680], [4388, 5745], [4136, 5741]];img20250920_20532456.tif
img20250920_20532456_x2962_y4800_562.jpg;Приго;0.7332;[[4793, 5691], [4962, 5691], [4962, 5746], [4793, 5746]];img20250920_20532456.tif
img20250920_20532456_x2962_y4800_563.jpg;Покрфвское;0.9639;[[3093, 5724], [3346, 5724], [3346, 5773], [3093, 5773]];img20250920_20532456.tif
img20250920_20532456_x2962_y4800_564.jpg;Козюльки;0.9645;[[3491, 5771], [3722, 5771], [3722, 5813], [3491, 5813]];img20250920_20532456.tif
img20250920_20532456_x2962_y4800_565.jpg;Пустошкф;0.7084;[[2968, 5823], [3238, 5829], [3236, 5881], [2967, 5875]];img20250920_20532456.tif
img20250920_20532456_x2962_y4800_566.jpg;Брыней;0.7696;[[3024, 5904], [3217, 5907], [3216, 5954], [3023, 5951]];img20250920_20532456.tif
img20250920_20532456_x2962_y4800_567.jpg;Иванцево;0.965;[[3595, 5920], [3853, 5920], [3853, 5965], [3595, 5965]];img20250920_20532456.tif
img20250920_20532456_x2962_y4800_568.jpg;Бол;0.929;[[4860, 5924], [4962, 5926], [4962, 5980], [4859, 5977]];img20250920_20532456.tif
img20250920_20532456_x2962_y4800_569.jpg;22ЯM;0.6377;[[3208, 5941], [3407, 5924], [3412, 5981], [3212, 5998]];img20250920_20532456.tif
img20250920_20532456_x2962_y4800_570.jpg;Жиповик;0.7619;[[4039, 5991], [4242, 5991], [4242, 6037], [4039, 6037]];img20250920_20532456.tif
img20250920_20532456_x2962_y4800_571.jpg;Ильюшкинф;0.9357;[[3442, 6011], [3734, 6014], [3734, 6059], [3442, 6056]];img20250920_20532456.tif
img20250920_20532456_x2962_y4800_572.jpg;Разлог;0.7189;[[4778, 6012], [4962, 6012], [4962, 6065], [4778, 6065]];img20250920_20532456.tif
img20250920_20532456_x2962_y4800_573.jpg;Замошье;0.9871;[[3266, 6154], [3515, 6158], [3514, 6211], [3265, 6206]];img20250920_20532456.tif
img20250920_20532456_x2962_y4800_574.jpg;Рыбино;0.92;[[3608, 6173], [3835, 6173], [3835, 6226], [3608, 6226]];img20250920_20532456.tif
img20250920_20532456_x2962_y4800_575.jpg;Ocmpue;0.954;[[4338, 6216], [4561, 6216], [4561, 6273], [4338, 6273]];img20250920_20532456.tif
img20250920_20532456_x2962_y4800_576.jpg;Крылово;0.971;[[3401, 6247], [3649, 6252], [3648, 6311], [3400, 6307]];img20250920_20532456.tif
img20250920_20532456_x2962_y4800_577.jpg;ово;0.9327;[[2962, 6290], [3046, 6286], [3047, 6324], [2962, 6328]];img20250920_20532456.tif
img20250920_20532456_x2962_y4800_578.jpg;Каменка;0.9381;[[3236, 6315], [3455, 6319], [3454, 6364], [3235, 6359]];img20250920_20532456.tif
img20250920_20532456_x2962_y4800_579.jpg;Харитоново;0.9656;[[3916, 6324], [4205, 6315], [4206, 6366], [3918, 6375]];img20250920_20532456.tif
img20250920_20532456_x2962_y4800_580.jpg;Вяльцево;0.9648;[[4568, 6318], [4834, 6313], [4835, 6365], [4569, 6371]];img20250920_20532456.tif
img20250920_20532456_x2962_y4800_581.jpg;Борок;0.7897;[[4296, 6343], [4438, 6343], [4438, 6394], [4296, 6394]];img20250920_20532456.tif
img20250920_20532456_x2962_y4800_582.jpg;Ескино;0.6283;[[2992, 6359], [3182, 6355], [3183, 6398], [2993, 6401]];img20250920_20532456.tif
img20250920_20532456_x2962_y4800_583.jpg;Артюшкино;0.9817;[[4355, 6407], [4740, 6407], [4740, 6466], [4355, 6466]];img20250920_20532456.tif
img20250920_20532456_x2962_y4800_584.jpg;Топорово;0.7362;[[3977, 6524], [4215, 6517], [4217, 6574], [3978, 6581]];img20250920_20532456.tif
img20250920_20532456_x2962_y4800_585.jpg;Шурлово;0.8364;[[4507, 6528], [4723, 6528], [4723, 6581], [4507, 6581]];img20250920_20532456.tif
img20250920_20532456_x2962_y4800_586.jpg;Боскино;0.9842;[[3843, 6695], [4080, 6685], [4083, 6742], [3846, 6752]];img20250920_20532456.tif
img20250920_20532456_x2962_y4800_587.jpg;Комарниково;0.9896;[[4356, 6726], [4748, 6726], [4748, 6792], [4356, 6792]];img20250920_20532456.tif
img20250920_20532456_x0_y5013_589.jpg;бээтонги;0.699;[[1349, 5379], [1647, 5383], [1647, 5429], [1349, 5424]];img20250920_20532456.tif
img20250920_20532456_x0_y5013_590.jpg;Завещенскии;0.8182;[[1447, 5511], [1855, 5511], [1855, 5551], [1447, 5551]];img20250920_20532456.tif
img20250920_20532456_x0_y5013_591.jpg;nagoun;0.756;[[1530, 5546], [1789, 5552], [1788, 5597], [1529, 5591]];img20250920_20532456.tif
img20250920_20532456_x0_y5013_593.jpg;nnnoopa;0.6062;[[324, 5869], [574, 5879], [573, 5918], [322, 5908]];img20250920_20532456.tif
img20250920_20532456_x0_y5013_594.jpg;rdo;0.6525;[[684, 5970], [747, 5970], [747, 6000], [684, 6000]];img20250920_20532456.tif
img20250920_20532456_x0_y5013_595.jpg;офоншрон;0.7883;[[1136, 5978], [1404, 5990], [1402, 6032], [1135, 6020]];img20250920_20532456.tif
img20250920_20532456_x0_y5013_598.jpg;ЛиповецГорский;0.7918;[[179, 6088], [825, 6073], [826, 6135], [180, 6150]];img20250920_20532456.tif
img20250920_20532456_x1600_y5013_602.jpg;Вяльцево;0.968;[[2866, 5013], [3137, 5014], [3137, 5068], [2865, 5064]];img20250920_20532456.tif
img20250920_20532456_x1600_y5013_603.jpg;Харитоново;0.9691;[[2179, 5023], [2489, 5017], [2490, 5069], [2180, 5076]];img20250920_20532456.tif
img20250920_20532456_x1600_y5013_604.jpg;Борок;0.6404;[[2571, 5038], [2737, 5031], [2740, 5093], [2573, 5099]];img20250920_20532456.tif
img20250920_20532456_x1600_y5013_605.jpg;НАртюшкино;0.8928;[[2581, 5104], [3042, 5101], [3043, 5162], [2581, 5165]];img20250920_20532456.tif
img20250920_20532456_x1600_y5013_606.jpg;етерки;0.909;[[3108, 5154], [3332, 5154], [3332, 5204], [3108, 5204]];img20250920_20532456.tif
img20250920_20532456_x1600_y5013_608.jpg;Топорово;0.6569;[[2269, 5224], [2519, 5224], [2519, 5276], [2269, 5276]];img20250920_20532456.tif
img20250920_20532456_x1600_y5013_609.jpg;Шурлово;0.7408;[[2773, 5223], [3031, 5223], [3031, 5279], [2773, 5279]];img20250920_20532456.tif
img20250920_20532456_x1600_y5013_610.jpg;Боскино;0.9821;[[2133, 5388], [2380, 5379], [2382, 5432], [2134, 5440]];img20250920_20532456.tif
img20250920_20532456_x1600_y5013_611.jpg;Комарниково;0.9878;[[2656, 5425], [3049, 5418], [3050, 5480], [2657, 5487]];img20250920_20532456.tif
img20250920_20532456_x1600_y5013_613.jpg;Тородище;0.9161;[[3245, 5456], [3522, 5452], [3523, 5513], [3246, 5516]];img20250920_20532456.tif
img20250920_20532456_x1600_y5013_614.jpg;Подлесье;0.9031;[[3146, 5507], [3424, 5502], [3425, 5558], [3147, 5564]];img20250920_20532456.tif
img20250920_20532456_x1600_y5013_615.jpg;Половиково;0.9394;[[2617, 5540], [2956, 5533], [2957, 5588], [2618, 5595]];img20250920_20532456.tif
img20250920_20532456_x1600_y5013_616.jpg;Забор;0.6645;[[1708, 5566], [1877, 5566], [1877, 5636], [1708, 5636]];img20250920_20532456.tif
img20250920_20532456_x1600_y5013_617.jpg;Валтухово;0.9013;[[2072, 5560], [2410, 5551], [2412, 5605], [2074, 5614]];img20250920_20532456.tif
img20250920_20532456_x1600_y5013_618.jpg;Валюково;0.7577;[[2494, 5586], [2744, 5579], [2746, 5629], [2495, 5635]];img20250920_20532456.tif
img20250920_20532456_x1600_y5013_619.jpg;Иллфрионовское;0.9492;[[3011, 5601], [3491, 5584], [3494, 5649], [3013, 5667]];img20250920_20532456.tif
img20250920_20532456_x1600_y5013_621.jpg;Тихвино;0.8972;[[2135, 5671], [2400, 5663], [2402, 5718], [2136, 5726]];img20250920_20532456.tif
img20250920_20532456_x1600_y5013_622.jpg;Велейно;0.9597;[[2796, 5699], [3049, 5691], [3051, 5758], [2798, 5767]];img20250920_20532456.tif
img20250920_20532456_x1600_y5013_623.jpg;Маютино;0.8739;[[3110, 5700], [3419, 5687], [3421, 5746], [3113, 5760]];img20250920_20532456.tif
img20250920_20532456_x1600_y5013_624.jpg;Коскинички;0.9226;[[2679, 5769], [3055, 5765], [3056, 5817], [2680, 5822]];img20250920_20532456.tif
img20250920_20532456_x1600_y5013_625.jpg;Кривая;0.9631;[[1760, 5788], [1956, 5788], [1956, 5845], [1760, 5845]];img20250920_20532456.tif
img20250920_20532456_x1600_y5013_626.jpg;я Береза;0.6751;[[1928, 5782], [2136, 5773], [2138, 5835], [1930, 5843]];img20250920_20532456.tif
img20250920_20532456_x1600_y5013_627.jpg;Ублиска;0.8411;[[2237, 5820], [2425, 5813], [2427, 5873], [2240, 5881]];img20250920_20532456.tif
img20250920_20532456_x1600_y5013_628.jpg;Добр;0.8351;[[3470, 5835], [3599, 5826], [3600, 5895], [3474, 5903]];img20250920_20532456.tif
img20250920_20532456_x1600_y5013_629.jpg;Копенкино;0.9707;[[1878, 5915], [2203, 5902], [2206, 5962], [1880, 5974]];img20250920_20532456.tif
img20250920_20532456_x1600_y5013_630.jpg;Удачинд;0.8953;[[1614, 5955], [1856, 5950], [1857, 6008], [1615, 6012]];img20250920_20532456.tif
img20250920_20532456_x1600_y5013_631.jpg;Бабинф;0.8342;[[2973, 5965], [3202, 5959], [3203, 6019], [2974, 6025]];img20250920_20532456.tif
img20250920_20532456_x1600_y5013_632.jpg;Кузнецовь;0.7998;[[2181, 6031], [2486, 6008], [2490, 6071], [2186, 6094]];img20250920_20532456.tif
img20250920_20532456_x1600_y5013_633.jpg;Астици;0.7467;[[1821, 6071], [2091, 6061], [2092, 6109], [1823, 6119]];img20250920_20532456.tif
img20250920_20532456_x1600_y5013_634.jpg;Душилиха;0.8764;[[2660, 6063], [3007, 6055], [3009, 6110], [2661, 6118]];img20250920_20532456.tif
img20250920_20532456_x1600_y5013_636.jpg;наротово;0.7278;[[3109, 6101], [3384, 6088], [3388, 6155], [3112, 6168]];img20250920_20532456.tif
img20250920_20532456_x1600_y5013_637.jpg;Окладр;0.7112;[[2448, 6132], [2654, 6129], [2655, 6185], [2449, 6189]];img20250920_20532456.tif
img20250920_20532456_x1600_y5013_638.jpg;Алексино;0.9548;[[2446, 6234], [2729, 6228], [2730, 6270], [2446, 6275]];img20250920_20532456.tif
img20250920_20532456_x1600_y5013_639.jpg;Дремлено;0.9445;[[2973, 6236], [3311, 6230], [3312, 6296], [2974, 6302]];img20250920_20532456.tif
img20250920_20532456_x1600_y5013_641.jpg;Мал.Старики;0.7335;[[3280, 6275], [3574, 6259], [3577, 6321], [3283, 6338]];img20250920_20532456.tif
img20250920_20532456_x1600_y5013_643.jpg;Костолом;0.7874;[[2901, 6367], [3230, 6362], [3231, 6410], [2902, 6415]];img20250920_20532456.tif
img20250920_20532456_x1600_y5013_644.jpg;Кашелиха;0.9559;[[2042, 6381], [2314, 6377], [2315, 6422], [2043, 6427]];img20250920_20532456.tif
img20250920_20532456_x1600_y5013_645.jpg;Сумароково;0.8503;[[2769, 6478], [3156, 6468], [3158, 6537], [2771, 6547]];img20250920_20532456.tif
img20250920_20532456_x1600_y5013_646.jpg;Хабнц;0.8981;[[3286, 6471], [3476, 6461], [3480, 6518], [3289, 6529]];img20250920_20532456.tif
img20250920_20532456_x1600_y5013_647.jpg;новищи;0.7066;[[1600, 6544], [1799, 6557], [1797, 6599], [1600, 6587]];img20250920_20532456.tif
img20250920_20532456_x1600_y5013_648.jpg;Пентешкино;0.9575;[[1931, 6538], [2329, 6538], [2329, 6590], [1931, 6590]];img20250920_20532456.tif
img20250920_20532456_x1600_y5013_651.jpg;Зфболотье;0.9385;[[3167, 6579], [3489, 6563], [3492, 6611], [3169, 6628]];img20250920_20532456.tif
img20250920_20532456_x1600_y5013_654.jpg;Райская;0.8774;[[1947, 6648], [2214, 6661], [2211, 6717], [1944, 6705]];img20250920_20532456.tif
img20250920_20532456_x1600_y5013_655.jpg;Рябкино;0.9032;[[1670, 6665], [1909, 6681], [1905, 6738], [1666, 6722]];img20250920_20532456.tif
img20250920_20532456_x1600_y5013_656.jpg;(Грани;0.7567;[[3377, 6667], [3600, 6667], [3600, 6746], [3377, 6746]];img20250920_20532456.tif
img20250920_20532456_x1600_y5013_657.jpg;Мал.Городеи.20;0.8342;[[2728, 6681], [3249, 6687], [3249, 6751], [2728, 6746]];img20250920_20532456.tif
img20250920_20532456_x1600_y5013_659.jpg;9OT;0.6604;[[3143, 6749], [3253, 6749], [3253, 6793], [3143, 6793]];img20250920_20532456.tif
img20250920_20532456_x1600_y5013_660.jpg;Княжая;0.9505;[[2212, 6769], [2476, 6781], [2473, 6837], [2209, 6826]];img20250920_20532456.tif
img20250920_20532456_x1600_y5013_661.jpg;Ново-Малый;0.9422;[[2790, 6780], [3183, 6767], [3185, 6818], [2792, 6831]];img20250920_20532456.tif
img20250920_20532456_x1600_y5013_662.jpg;Грибаново;0.91;[[3221, 6792], [3500, 6788], [3500, 6826], [3221, 6831]];img20250920_20532456.tif
img20250920_20532456_x1600_y5013_663.jpg;Городец;0.8421;[[2868, 6827], [3096, 6820], [3097, 6870], [2869, 6877]];img20250920_20532456.tif
img20250920_20532456_x1600_y5013_664.jpg;Форбачево;0.7193;[[2100, 6842], [2406, 6855], [2404, 6912], [2097, 6898]];img20250920_20532456.tif
img20250920_20532456_x1600_y5013_665.jpg;Борыгино;0.9374;[[1710, 6858], [1989, 6877], [1985, 6933], [1706, 6914]];img20250920_20532456.tif
img20250920_20532456_x1600_y5013_666.jpg;ТКлюкин;0.8744;[[3232, 6876], [3599, 6876], [3599, 6921], [3232, 6921]];img20250920_20532456.tif
img20250920_20532456_x1600_y5013_667.jpg;Старцево;0.8098;[[2254, 6940], [2509, 6946], [2507, 6995], [2253, 6989]];img20250920_20532456.tif
img20250920_20532456_x1600_y5013_668.jpg;Савкино;0.8079;[[1682, 6959], [1938, 6972], [1935, 7013], [1680, 7009]];img20250920_20532456.tif
img20250920_20532456_x1600_y5013_669.jpg;Х-Бол.Городец;0.7505;[[2829, 6958], [3217, 6938], [3220, 6986], [2832, 7007]];img20250920_20532456.tif
img20250920_20532456_x2962_y5013_670.jpg;ДЛЯ СЛУЖЕБИ;0.961;[[4498, 5192], [4960, 5192], [4960, 5262], [4498, 5262]];img20250920_20532456.tif
img20250920_20532456_x2962_y5013_675.jpg;Состояние местности;0.988;[[4389, 5467], [4948, 5467], [4948, 5528], [4389, 5528]];img20250920_20532456.tif
img20250920_20532456_x2962_y5013_679.jpg;18KM;0.954;[[3525, 5644], [3630, 5650], [3627, 5709], [3522, 5704]];img20250920_20532456.tif
img20250920_20532456_x2962_y5013_680.jpg;Ильзна;0.7881;[[4572, 5676], [4763, 5671], [4765, 5724], [4574, 5729]];img20250920_20532456.tif
img20250920_20532456_x2962_y5013_682.jpg;Прохоров 54км;0.9679;[[3823, 5688], [4146, 5678], [4148, 5740], [3825, 5750]];img20250920_20532456.tif
img20250920_20532456_x2962_y5013_683.jpg;Ровное;0.933;[[3465, 5887], [3652, 5884], [3653, 5937], [3466, 5941]];img20250920_20532456.tif
img20250920_20532456_x2962_y5013_684.jpg;Сорркино;0.8448;[[3880, 5879], [4124, 5876], [4125, 5935], [3881, 5939]];img20250920_20532456.tif
img20250920_20532456_x2962_y5013_685.jpg;Пригон;0.791;[[4538, 5887], [4743, 5877], [4745, 5931], [4540, 5940]];img20250920_20532456.tif
img20250920_20532456_x2962_y5013_686.jpg;кое;0.7096;[[2962, 5951], [3045, 5948], [3046, 5986], [2962, 5988]];img20250920_20532456.tif
img20250920_20532456_x2962_y5013_687.jpg;Козюльки;0.9664;[[3196, 5986], [3437, 5977], [3439, 6027], [3198, 6036]];img20250920_20532456.tif
img20250920_20532456_x2962_y5013_688.jpg;Иванцево;0.9617;[[3310, 6137], [3578, 6129], [3579, 6181], [3312, 6189]];img20250920_20532456.tif
img20250920_20532456_x2962_y5013_689.jpg;Жиповик;0.7867;[[3776, 6197], [3986, 6194], [3986, 6240], [3777, 6242]];img20250920_20532456.tif
img20250920_20532456_x2962_y5013_690.jpg;Разлоги;0.7118;[[4569, 6207], [4824, 6191], [4828, 6254], [4573, 6269]];img20250920_20532456.tif
img20250920_20532456_x2962_y5013_691.jpg;Ильюшкинд;0.9339;[[3173, 6239], [3497, 6229], [3499, 6277], [3175, 6287]];img20250920_20532456.tif
img20250920_20532456_x2962_y5013_692.jpg;Маl.-;0.7589;[[4691, 6279], [4876, 6269], [4879, 6327], [4695, 6336]];img20250920_20532456.tif
img20250920_20532456_x2962_y5013_693.jpg;Замошье;0.9885;[[3015, 6390], [3266, 6386], [3267, 6437], [3016, 6442]];img20250920_20532456.tif
img20250920_20532456_x2962_y5013_694.jpg;Рыбино;0.927;[[3360, 6392], [3578, 6387], [3579, 6439], [3361, 6445]];img20250920_20532456.tif
img20250920_20532456_x2962_y5013_695.jpg;Ocmpue;0.9638;[[4093, 6415], [4328, 6413], [4328, 6473], [4093, 6475]];img20250920_20532456.tif
img20250920_20532456_x2962_y5013_696.jpg;Чихачево;0.8191;[[4597, 6423], [4896, 6409], [4900, 6491], [4601, 6505]];img20250920_20532456.tif
img20250920_20532456_x2962_y5013_697.jpg;Крылово;0.9706;[[3167, 6478], [3405, 6474], [3406, 6530], [3168, 6533]];img20250920_20532456.tif
img20250920_20532456_x2962_y5013_698.jpg;Вяльцево;0.9747;[[4344, 6516], [4636, 6512], [4637, 6566], [4345, 6571]];img20250920_20532456.tif
img20250920_20532456_x2962_y5013_699.jpg;Харитоново;0.9639;[[3672, 6532], [3962, 6516], [3965, 6570], [3675, 6585]];img20250920_20532456.tif
img20250920_20532456_x2962_y5013_700.jpg;Каменка;0.9268;[[3001, 6551], [3220, 6551], [3220, 6593], [3001, 6593]];img20250920_20532456.tif
img20250920_20532456_x2962_y5013_701.jpg;КБорок;0.6788;[[4017, 6543], [4203, 6538], [4204, 6594], [4018, 6599]];img20250920_20532456.tif
img20250920_20532456_x2962_y5013_702.jpg;Артюшкино;0.9798;[[4129, 6612], [4532, 6604], [4533, 6663], [4130, 6671]];img20250920_20532456.tif
img20250920_20532456_x2962_y5013_703.jpg;Гетерки;0.8769;[[4600, 6647], [4819, 6642], [4820, 6699], [4601, 6705]];img20250920_20532456.tif
img20250920_20532456_x2962_y5013_705.jpg;Шурлово;0.7252;[[4234, 6726], [4516, 6721], [4517, 6778], [4235, 6782]];img20250920_20532456.tif
img20250920_20532456_x2962_y5013_706.jpg;Боскино;0.9832;[[3639, 6914], [3876, 6898], [3879, 6955], [3643, 6971]];img20250920_20532456.tif
img20250920_20532456_x2962_y5013_707.jpg;Комарниково;0.9749;[[4148, 6925], [4528, 6912], [4530, 6967], [4150, 6980]];img20250920_20532456.tif
img20250920_20532456_x2962_y5013_708.jpg;Городищ;0.8273;[[4715, 6954], [4962, 6954], [4962, 7013], [4715, 7013]];img20250920_20532456.tif
